"","Year","Player","PTS","STL","BLK","TRB","AST"
"3989",1974,"Bob McAdoo*",2261,NA,NA,NA,NA
"3853",1974,"Kareem Abdul-Jabbar*",2191,NA,NA,NA,NA
"3982",1974,"Pete Maravich*",2107,NA,NA,NA,NA
"3928",1974,"Gail Goodrich*",2076,NA,NA,NA,NA
"3862",1974,"Rick Barry*",2009,NA,NA,NA,NA
"4058",1974,"Rudy Tomjanovich",1961,NA,NA,NA,NA
"3971",1974,"Bob Lanier*",1822,NA,NA,NA,NA
"3977",1974,"Bob Love",1785,NA,NA,NA,NA
"3882",1974,"Austin Carr",1775,NA,NA,NA,NA
"4019",1974,"Geoff Petrie",1771,NA,NA,NA,NA
"4256",1975,"Bob McAdoo*",2831,NA,NA,NA,NA
"4117",1975,"Rick Barry*",2450,NA,NA,NA,NA
"4109",1975,"Tiny Archibald*",2170,NA,NA,NA,NA
"4099",1975,"Kareem Abdul-Jabbar*",1949,NA,NA,NA,NA
"4209",1975,"Elvin Hayes*",1887,NA,NA,NA,NA
"4240",1975,"Bob Lanier*",1823,NA,NA,NA,NA
"4360",1975,"Sidney Wicks",1778,NA,NA,NA,NA
"4143",1975,"Fred Brown",1700,NA,NA,NA,NA
"4252",1975,"Pete Maravich*",1700,NA,NA,NA,NA
"4150",1975,"Fred Carter",1686,NA,NA,NA,NA
"4532",1976,"Bob McAdoo*",2427,NA,NA,NA,NA
"4376",1976,"Kareem Abdul-Jabbar*",2275,NA,NA,NA,NA
"4382",1976,"Tiny Archibald*",1935,NA,NA,NA,NA
"4603",1976,"Randy Smith",1787,NA,NA,NA,NA
"4536",1976,"George McGinnis",1769,NA,NA,NA,NA
"4411",1976,"Fred Brown",1757,NA,NA,NA,NA
"4553",1976,"Calvin Murphy*",1722,NA,NA,NA,NA
"4390",1976,"Rick Barry*",1701,NA,NA,NA,NA
"4632",1976,"Paul Westphal",1679,NA,NA,NA,NA
"4443",1976,"John Drew",1660,NA,NA,NA,NA
"4850",1977,"Pete Maravich*",2273,NA,NA,NA,NA
"4651",1977,"Kareem Abdul-Jabbar*",2152,NA,NA,NA,NA
"4954",1977,"David Thompson*",2125,NA,NA,NA,NA
"4826",1977,"Billy Knight",2075,NA,NA,NA,NA
"4786",1977,"Elvin Hayes*",1942,NA,NA,NA,NA
"4764",1977,"George Gervin*",1895,NA,NA,NA,NA
"4857",1977,"Bob McAdoo*",1861,NA,NA,NA,NA
"4679",1977,"Ron Boone",1818,NA,NA,NA,NA
"4737",1977,"John Drew",1790,NA,NA,NA,NA
"4746",1977,"Julius Erving*",1770,NA,NA,NA,NA
"5136",1978,"George Gervin*",2232,NA,NA,NA,NA
"5334",1978,"David Thompson*",2172,NA,NA,NA,NA
"5224",1978,"Bob McAdoo*",2097,NA,NA,NA,NA
"5322",1978,"Randy Smith",2021,NA,NA,NA,NA
"5361",1978,"Paul Westphal",2014,NA,NA,NA,NA
"5094",1978,"Walter Davis",1959,NA,NA,NA,NA
"5245",1978,"Calvin Murphy*",1949,NA,NA,NA,NA
"5198",1978,"Bernard King*",1909,NA,NA,NA,NA
"5029",1978,"Rick Barry*",1898,NA,NA,NA,NA
"5138",1978,"Artis Gilmore*",1879,NA,NA,NA,NA
"5496",1979,"George Gervin*",2365,NA,NA,NA,NA
"5488",1979,"World B.",2244,NA,NA,NA,NA
"5581",1979,"Moses Malone*",2031,NA,NA,NA,NA
"5545",1979,"Marques Johnson",1972,NA,NA,NA,NA
"5710",1979,"Paul Westphal",1941,NA,NA,NA,NA
"5498",1979,"Artis Gilmore*",1940,NA,NA,NA,NA
"5383",1979,"Kareem Abdul-Jabbar*",1903,NA,NA,NA,NA
"5465",1979,"Walter Davis",1868,NA,NA,NA,NA
"5688",1979,"David Thompson*",1825,NA,NA,NA,NA
"5480",1979,"Julius Erving*",1803,NA,NA,NA,NA
"5849",1980,"George Gervin*",2585,NA,NA,NA,NA
"5943",1980,"Moses Malone*",2119,NA,NA,NA,NA
"5832",1980,"Julius Erving*",2100,NA,NA,NA,NA
"5842",1980,"World B.",2055,NA,NA,NA,NA
"5728",1980,"Kareem Abdul-Jabbar*",2034,NA,NA,NA,NA
"5880",1980,"Dan Issel*",1951,NA,NA,NA,NA
"5808",1980,"Adrian Dantley*",1903,NA,NA,NA,NA
"5865",1980,"Elvin Hayes*",1859,NA,NA,NA,NA
"5750",1980,"Otis Birdsong",1858,NA,NA,NA,NA
"5965",1980,"Mike Mitchell",1820,NA,NA,NA,NA
"6153",1981,"Adrian Dantley*",2452,NA,NA,NA,NA
"6299",1981,"Moses Malone*",2222,NA,NA,NA,NA
"6195",1981,"George Gervin*",2221,NA,NA,NA,NA
"6086",1981,"Kareem Abdul-Jabbar*",2095,NA,NA,NA,NA
"6180",1981,"Julius Erving*",2014,NA,NA,NA,NA
"6323",1981,"Mike Mitchell",2012,NA,NA,NA,NA
"6405",1981,"David Thompson*",1967,NA,NA,NA,NA
"6179",1981,"Alex English*",1929,NA,NA,NA,NA
"6437",1981,"Jamaal Wilkes*",1827,NA,NA,NA,NA
"6271",1981,"Bernard King*",1771,NA,NA,NA,NA
"6558",1982,"George Gervin*",2551,NA,NA,NA,NA
"6673",1982,"Moses Malone*",2520,NA,NA,NA,NA
"6522",1982,"Adrian Dantley*",2457,NA,NA,NA,NA
"6546",1982,"Alex English*",2082,NA,NA,NA,NA
"6547",1982,"Julius Erving*",1974,NA,NA,NA,NA
"6804",1982,"Gus Williams",1875,NA,NA,NA,NA
"6599",1982,"Dan Issel*",1852,NA,NA,NA,NA
"6638",1982,"Bernard King*",1833,NA,NA,NA,NA
"6450",1982,"Kareem Abdul-Jabbar*",1818,NA,NA,NA,NA
"6555",1982,"World B.",1789,NA,NA,NA,NA
"6923",1983,"Alex English*",2326,NA,NA,NA,NA
"7177",1983,"Kiki Vandeweghe",2186,NA,NA,NA,NA
"6938",1983,"George Gervin*",2043,NA,NA,NA,NA
"6826",1983,"Mark Aguirre",1979,NA,NA,NA,NA
"7156",1983,"Reggie Theus",1953,NA,NA,NA,NA
"7046",1983,"Moses Malone*",1908,NA,NA,NA,NA
"6869",1983,"Joe Barry",1907,NA,NA,NA,NA
"6845",1983,"Larry Bird*",1867,NA,NA,NA,NA
"7158",1983,"Isiah Thomas*",1854,NA,NA,NA,NA
"7091",1983,"Jim Paxson",1756,NA,NA,NA,NA
"7275",1984,"Adrian Dantley*",2418,NA,NA,NA,NA
"7218",1984,"Mark Aguirre",2330,NA,NA,NA,NA
"7517",1984,"Kiki Vandeweghe",2295,NA,NA,NA,NA
"7300",1984,"Alex English*",2167,NA,NA,NA,NA
"7371",1984,"Bernard King*",2027,NA,NA,NA,NA
"7311",1984,"George Gervin*",1967,NA,NA,NA,NA
"7231",1984,"Larry Bird*",1908,NA,NA,NA,NA
"7272",1984,"Terry Cummings",1854,NA,NA,NA,NA
"7423",1984,"Mike Mitchell",1839,NA,NA,NA,NA
"7233",1984,"Rolando Blackman",1815,NA,NA,NA,NA
"7717",1985,"Michael Jordan*",2313,NA,NA,NA,NA
"7575",1985,"Larry Bird*",2295,NA,NA,NA,NA
"7650",1985,"Alex English*",2262,NA,NA,NA,NA
"7895",1985,"Dominique Wilkins*",2217,NA,NA,NA,NA
"7832",1985,"Purvis Short",2186,NA,NA,NA,NA
"7562",1985,"Mark Aguirre",2055,NA,NA,NA,NA
"7748",1985,"Moses Malone*",1941,NA,NA,NA,NA
"7696",1985,"Eddie Johnson",1876,NA,NA,NA,NA
"7620",1985,"Terry Cummings",1861,NA,NA,NA,NA
"7768",1985,"Mike Mitchell",1824,NA,NA,NA,NA
"8018",1986,"Alex English*",2414,NA,NA,NA,NA
"8274",1986,"Dominique Wilkins*",2366,NA,NA,NA,NA
"7996",1986,"Adrian Dantley*",2267,NA,NA,NA,NA
"7941",1986,"Larry Bird*",2115,NA,NA,NA,NA
"8249",1986,"Kiki Vandeweghe",1962,NA,NA,NA,NA
"8146",1986,"Mike Mitchell",1921,NA,NA,NA,NA
"7923",1986,"Kareem Abdul-Jabbar*",1846,NA,NA,NA,NA
"8122",1986,"Jeff Malone",1795,NA,NA,NA,NA
"7944",1986,"Rolando Blackman",1762,NA,NA,NA,NA
"8124",1986,"Moses Malone*",1759,NA,NA,NA,NA
"8470",1987,"Michael Jordan*",3041,NA,NA,NA,NA
"8402",1987,"Alex English*",2345,NA,NA,NA,NA
"8653",1987,"Dominique Wilkins*",2294,NA,NA,NA,NA
"8632",1987,"Kiki Vandeweghe",2122,NA,NA,NA,NA
"8326",1987,"Larry Bird*",2076,NA,NA,NA,NA
"8307",1987,"Mark Aguirre",2056,NA,NA,NA,NA
"8397",1987,"Dale Ellis",2041,NA,NA,NA,NA
"8512",1987,"Kevin McHale*",2008,NA,NA,NA,NA
"8351",1987,"Tom Chambers",1909,NA,NA,NA,NA
"8460",1987,"Magic Johnson*",1909,NA,NA,NA,NA
"8870",1988,"Michael Jordan*",2868,NA,NA,NA,NA
"9082",1988,"Dominique Wilkins*",2397,NA,NA,NA,NA
"8706",1988,"Larry Bird*",2275,NA,NA,NA,NA
"8895",1988,"Karl Malone*",2268,NA,NA,NA,NA
"8700",1988,"Charles Barkley*",2264,NA,NA,NA,NA
"8771",1988,"Clyde Drexler*",2185,NA,NA,NA,NA
"8784",1988,"Alex English*",2000,NA,NA,NA,NA
"8782",1988,"Dale Ellis",1938,NA,NA,NA,NA
"8686",1988,"Mark Aguirre",1932,NA,NA,NA,NA
"8952",1988,"Hakeem Olajuwon*",1805,NA,NA,NA,NA
"9298",1989,"Michael Jordan*",2633,NA,NA,NA,NA
"9340",1989,"Karl Malone*",2326,NA,NA,NA,NA
"9214",1989,"Dale Ellis",2253,NA,NA,NA,NA
"9364",1989,"Chris Mullin*",2176,NA,NA,NA,NA
"9216",1989,"Alex English*",2175,NA,NA,NA,NA
"9203",1989,"Clyde Drexler*",2123,NA,NA,NA,NA
"9523",1989,"Dominique Wilkins*",2099,NA,NA,NA,NA
"9165",1989,"Tom Chambers",2085,NA,NA,NA,NA
"9132",1989,"Charles Barkley*",2037,NA,NA,NA,NA
"9383",1989,"Hakeem Olajuwon*",2034,NA,NA,NA,NA
"9748",1990,"Michael Jordan*",2753,NA,NA,NA,NA
"9796",1990,"Karl Malone*",2540,NA,NA,NA,NA
"9663",1990,"Patrick Ewing*",2347,NA,NA,NA,NA
"9609",1990,"Tom Chambers",2201,NA,NA,NA,NA
"9979",1990,"Dominique Wilkins*",2138,NA,NA,NA,NA
"9820",1990,"Reggie Miller*",2016,NA,NA,NA,NA
"9841",1990,"Hakeem Olajuwon*",1995,NA,NA,NA,NA
"9883",1990,"David Robinson*",1993,NA,NA,NA,NA
"9565",1990,"Charles Barkley*",1989,NA,NA,NA,NA
"9827",1990,"Chris Mullin*",1956,NA,NA,NA,NA
"10213",1991,"Michael Jordan*",2580,NA,NA,NA,NA
"10252",1991,"Karl Malone*",2382,NA,NA,NA,NA
"10133",1991,"Patrick Ewing*",2154,NA,NA,NA,NA
"10281",1991,"Chris Mullin*",2107,NA,NA,NA,NA
"10337",1991,"David Robinson*",2101,NA,NA,NA,NA
"10415",1991,"Dominique Wilkins*",2101,NA,NA,NA,NA
"10176",1991,"Tim Hardaway",1881,NA,NA,NA,NA
"10272",1991,"Reggie Miller*",1855,NA,NA,NA,NA
"10031",1991,"Charles Barkley*",1849,NA,NA,NA,NA
"10332",1991,"Mitch Richmond*",1840,NA,NA,NA,NA
"10667",1992,"Michael Jordan*",2404,NA,NA,NA,NA
"10705",1992,"Karl Malone*",2272,NA,NA,NA,NA
"10738",1992,"Chris Mullin*",2074,NA,NA,NA,NA
"10585",1992,"Patrick Ewing*",1970,NA,NA,NA,NA
"10568",1992,"Clyde Drexler*",1903,NA,NA,NA,NA
"10627",1992,"Tim Hardaway",1893,NA,NA,NA,NA
"10791",1992,"Mitch Richmond*",1803,NA,NA,NA,NA
"10789",1992,"Glen Rice",1765,NA,NA,NA,NA
"10478",1992,"Charles Barkley*",1730,NA,NA,NA,NA
"10772",1992,"Scottie Pippen*",1720,NA,NA,NA,NA
"11107",1993,"Michael Jordan*",2541,NA,NA,NA,NA
"11151",1993,"Karl Malone*",2217,NA,NA,NA,NA
"11196",1993,"Hakeem Olajuwon*",2140,NA,NA,NA,NA
"11326",1993,"Dominique Wilkins*",2121,NA,NA,NA,NA
"11034",1993,"Patrick Ewing*",1959,NA,NA,NA,NA
"10938",1993,"Charles Barkley*",1944,NA,NA,NA,NA
"11246",1993,"David Robinson*",1916,NA,NA,NA,NA
"11188",1993,"Shaquille O'Neal*",1893,NA,NA,NA,NA
"11105",1993,"Larry Johnson",1810,NA,NA,NA,NA
"11020",1993,"Joe Dumars*",1809,NA,NA,NA,NA
"11732",1994,"David Robinson*",2383,NA,NA,NA,NA
"11686",1994,"Shaquille O'Neal*",2377,NA,NA,NA,NA
"11689",1994,"Hakeem Olajuwon*",2184,NA,NA,NA,NA
"11642",1994,"Karl Malone*",2063,NA,NA,NA,NA
"11500",1994,"Patrick Ewing*",1939,NA,NA,NA,NA
"11809",1994,"Dominique Wilkins*",1923,NA,NA,NA,NA
"11726",1994,"Mitch Richmond*",1823,NA,NA,NA,NA
"11774",1994,"Latrell Sprewell",1720,NA,NA,NA,NA
"11724",1994,"Glen Rice",1708,NA,NA,NA,NA
"11731",1994,"Clifford Robinson",1647,NA,NA,NA,NA
"12137",1995,"Shaquille O'Neal*",2315,NA,NA,NA,NA
"12183",1995,"David Robinson*",2238,NA,NA,NA,NA
"12090",1995,"Karl Malone*",2187,NA,NA,NA,NA
"12139",1995,"Hakeem Olajuwon*",2005,NA,NA,NA,NA
"12099",1995,"Jamal Mashburn",1926,NA,NA,NA,NA
"11972",1995,"Patrick Ewing*",1886,NA,NA,NA,NA
"12175",1995,"Mitch Richmond*",1867,NA,NA,NA,NA
"12173",1995,"Glen Rice",1831,NA,NA,NA,NA
"12184",1995,"Glenn Robinson",1755,NA,NA,NA,NA
"12160",1995,"Scottie Pippen*",1692,NA,NA,NA,NA
"12529",1996,"Michael Jordan*",2491,NA,NA,NA,NA
"12574",1996,"Karl Malone*",2106,NA,NA,NA,NA
"12698",1996,"David Robinson*",2051,NA,NA,NA,NA
"12637",1996,"Hakeem Olajuwon*",1936,NA,NA,NA,NA
"12690",1996,"Mitch Richmond*",1872,NA,NA,NA,NA
"12512",1996,"Juwan Howard",1789,NA,NA,NA,NA
"12487",1996,"Anfernee Hardaway",1780,NA,NA,NA,NA
"12317",1996,"Vin Baker",1729,NA,NA,NA,NA
"12435",1996,"Patrick Ewing*",1711,NA,NA,NA,NA
"12688",1996,"Glen Rice",1710,NA,NA,NA,NA
"13097",1997,"Michael Jordan*",2431,NA,NA,NA,NA
"13144",1997,"Karl Malone*",2249,NA,NA,NA,NA
"13264",1997,"Glen Rice",2115,NA,NA,NA,NA
"13266",1997,"Mitch Richmond*",2095,NA,NA,NA,NA
"13331",1997,"Latrell Sprewell",1938,NA,NA,NA,NA
"13223",1997,"Hakeem Olajuwon*",1810,NA,NA,NA,NA
"13020",1997,"Kendall Gill",1789,NA,NA,NA,NA
"13077",1997,"Allen Iverson*",1787,NA,NA,NA,NA
"13235",1997,"Gary Payton*",1785,NA,NA,NA,NA
"12996",1997,"Patrick Ewing*",1751,NA,NA,NA,NA
"13655",1998,"Michael Jordan*",2357,NA,NA,NA,NA
"13690",1998,"Karl Malone*",2190,NA,NA,NA,NA
"13909",1998,"Antoine Walker",1840,NA,NA,NA,NA
"13417",1998,"Shareef Abdur-Rahim",1829,NA,NA,NA,NA
"13791",1998,"Glen Rice",1826,NA,NA,NA,NA
"13574",1998,"Michael Finley",1763,NA,NA,NA,NA
"13637",1998,"Allen Iverson*",1758,NA,NA,NA,NA
"13552",1998,"Tim Duncan",1731,NA,NA,NA,NA
"13622",1998,"Grant Hill",1712,NA,NA,NA,NA
"13744",1998,"Shaquille O'Neal*",1699,NA,NA,NA,NA
"14293",1999,"Shaquille O'Neal*",1289,NA,NA,NA,NA
"14178",1999,"Allen Iverson*",1284,NA,NA,NA,NA
"14237",1999,"Karl Malone*",1164,NA,NA,NA,NA
"13964",1999,"Shareef Abdur-Rahim",1152,NA,NA,NA,NA
"14097",1999,"Tim Duncan",1084,NA,NA,NA,NA
"14313",1999,"Gary Payton*",1084,NA,NA,NA,NA
"14254",1999,"Antonio McDyess",1061,NA,NA,NA,NA
"14162",1999,"Grant Hill",1053,NA,NA,NA,NA
"14240",1999,"Stephon Marbury",1044,NA,NA,NA,NA
"14113",1999,"Michael Finley",1009,NA,NA,NA,NA
"14807",2000,"Shaquille O'Neal*",2344,NA,NA,NA,NA
"14554",2000,"Vince Carter",2107,NA,NA,NA,NA
"14754",2000,"Karl Malone*",2095,NA,NA,NA,NA
"14686",2000,"Allen Iverson*",1989,NA,NA,NA,NA
"14826",2000,"Gary Payton*",1982,NA,NA,NA,NA
"14888",2000,"Jerry Stackhouse",1939,NA,NA,NA,NA
"14672",2000,"Grant Hill",1906,NA,NA,NA,NA
"14633",2000,"Kevin Garnett",1857,NA,NA,NA,NA
"14623",2000,"Michael Finley",1855,NA,NA,NA,NA
"14939",2000,"Chris Webber",1834,NA,NA,NA,NA
"15426",2001,"Jerry Stackhouse",2380,NA,NA,NA,NA
"15187",2001,"Allen Iverson*",2207,NA,NA,NA,NA
"15331",2001,"Shaquille O'Neal*",2125,NA,NA,NA,NA
"15366",2001,"Paul Pierce",2071,NA,NA,NA,NA
"15042",2001,"Vince Carter",2070,NA,NA,NA,NA
"15273",2001,"Tracy McGrady",2065,NA,NA,NA,NA
"15200",2001,"Antawn Jamison",2044,NA,NA,NA,NA
"15029",2001,"Kobe Bryant",1938,NA,NA,NA,NA
"15477",2001,"Chris Webber",1898,NA,NA,NA,NA
"15470",2001,"Antoine Walker",1892,NA,NA,NA,NA
"15872",2002,"Paul Pierce",2144,NA,NA,NA,NA
"15644",2002,"Tim Duncan",2089,NA,NA,NA,NA
"15579",2002,"Kobe Bryant",2019,NA,NA,NA,NA
"15801",2002,"Tracy McGrady",1948,NA,NA,NA,NA
"15722",2002,"Allen Iverson*",1883,NA,NA,NA,NA
"15842",2002,"Shaquille O'Neal*",1822,NA,NA,NA,NA
"15865",2002,"Gary Payton*",1815,NA,NA,NA,NA
"15974",2002,"Antoine Walker",1794,NA,NA,NA,NA
"15783",2002,"Karl Malone*",1788,NA,NA,NA,NA
"15840",2002,"Dirk Nowitzki",1779,NA,NA,NA,NA
"16071",2003,"Kobe Bryant",2461,NA,NA,NA,NA
"16287",2003,"Tracy McGrady",2407,NA,NA,NA,NA
"16214",2003,"Allen Iverson*",2262,NA,NA,NA,NA
"16353",2003,"Paul Pierce",2048,NA,NA,NA,NA
"16323",2003,"Dirk Nowitzki",2011,NA,NA,NA,NA
"16130",2003,"Tim Duncan",1884,NA,NA,NA,NA
"16152",2003,"Kevin Garnett",1883,NA,NA,NA,NA
"16203",2003,"Allan Houston",1845,NA,NA,NA,NA
"16325",2003,"Shaquille O'Neal*",1841,NA,NA,NA,NA
"16226",2003,"Antawn Jamison",1822,NA,NA,NA,NA
"16675",2004,"Kevin Garnett",1987,NA,NA,NA,NA
"16975",2004,"Peja Stojakovic",1964,NA,NA,NA,NA
"16823",2004,"Tracy McGrady",1878,NA,NA,NA,NA
"16910",2004,"Paul Pierce",1836,NA,NA,NA,NA
"16931",2004,"Michael Redd",1776,NA,NA,NA,NA
"16501",2004,"Carmelo Anthony",1725,NA,NA,NA,NA
"16873",2004,"Dirk Nowitzki",1680,NA,NA,NA,NA
"16747",2004,"LeBron James",1654,NA,NA,NA,NA
"16594",2004,"Vince Carter",1645,NA,NA,NA,NA
"16802",2004,"Stephon Marbury",1639,NA,NA,NA,NA
"17331",2005,"Allen Iverson*",2302,NA,NA,NA,NA
"17345",2005,"LeBron James",2175,NA,NA,NA,NA
"17564",2005,"Amar'e Stoudemire",2080,NA,NA,NA,NA
"17095",2005,"Gilbert Arenas",2038,NA,NA,NA,NA
"17461",2005,"Dirk Nowitzki",2032,NA,NA,NA,NA
"17412",2005,"Tracy McGrady",2003,NA,NA,NA,NA
"17178",2005,"Vince Carter",1886,NA,NA,NA,NA
"17082",2005,"Ray Allen",1867,NA,NA,NA,NA
"17609",2005,"Dwyane Wade",1854,NA,NA,NA,NA
"17160",2005,"Kobe Bryant",1819,NA,NA,NA,NA
"17743",2006,"Kobe Bryant",2832,NA,NA,NA,NA
"17919",2006,"LeBron James",2478,NA,NA,NA,NA
"17905",2006,"Allen Iverson*",2377,NA,NA,NA,NA
"17678",2006,"Gilbert Arenas",2346,NA,NA,NA,NA
"18029",2006,"Dirk Nowitzki",2151,NA,NA,NA,NA
"17676",2006,"Carmelo Anthony",2122,NA,NA,NA,NA
"18060",2006,"Paul Pierce",2116,NA,NA,NA,NA
"18177",2006,"Dwyane Wade",2040,NA,NA,NA,NA
"18081",2006,"Michael Redd",2028,NA,NA,NA,NA
"17666",2006,"Ray Allen",1955,NA,NA,NA,NA
"18296",2007,"Kobe Bryant",2430,NA,NA,NA,NA
"18461",2007,"LeBron James",2132,NA,NA,NA,NA
"18242",2007,"Gilbert Arenas",2105,NA,NA,NA,NA
"18309",2007,"Vince Carter",2070,NA,NA,NA,NA
"18570",2007,"Dirk Nowitzki",1916,NA,NA,NA,NA
"18240",2007,"Carmelo Anthony",1881,NA,NA,NA,NA
"18393",2007,"Ben Gordon",1753,NA,NA,NA,NA
"18533",2007,"Tracy McGrady",1747,NA,NA,NA,NA
"18447",2007,"Allen Iverson*",1709,NA,NA,NA,NA
"18381",2007,"Kevin Garnett",1704,NA,NA,NA,NA
"18826",2008,"Kobe Bryant",2323,NA,NA,NA,NA
"19018",2008,"LeBron James",2250,NA,NA,NA,NA
"19008",2008,"Allen Iverson*",2164,NA,NA,NA,NA
"19242",2008,"Amar'e Stoudemire",1989,NA,NA,NA,NA
"18762",2008,"Carmelo Anthony",1978,NA,NA,NA,NA
"19025",2008,"Richard Jefferson",1857,NA,NA,NA,NA
"19143",2008,"Dirk Nowitzki",1817,NA,NA,NA,NA
"18866",2008,"Baron Davis",1791,NA,NA,NA,NA
"19194",2008,"Jason Richardson",1788,NA,NA,NA,NA
"19034",2008,"Joe Johnson",1779,NA,NA,NA,NA
"19878",2009,"Dwyane Wade",2386,NA,NA,NA,NA
"19612",2009,"LeBron James",2304,NA,NA,NA,NA
"19429",2009,"Kobe Bryant",2201,NA,NA,NA,NA
"19735",2009,"Dirk Nowitzki",2094,NA,NA,NA,NA
"19507",2009,"Kevin Durant",1871,NA,NA,NA,NA
"19616",2009,"Antawn Jamison",1801,NA,NA,NA,NA
"19753",2009,"Chris Paul",1781,NA,NA,NA,NA
"19799",2009,"Brandon Roy",1765,NA,NA,NA,NA
"19410",2009,"Chris Bosh",1746,NA,NA,NA,NA
"19550",2009,"Danny Granger",1728,NA,NA,NA,NA
"20072",2010,"Kevin Durant",2472,NA,NA,NA,NA
"20208",2010,"LeBron James",2258,NA,NA,NA,NA
"20459",2010,"Dwyane Wade",2045,NA,NA,NA,NA
"20330",2010,"Dirk Nowitzki",2027,NA,NA,NA,NA
"20007",2010,"Kobe Bryant",1970,NA,NA,NA,NA
"19938",2010,"Carmelo Anthony",1943,NA,NA,NA,NA
"20418",2010,"Amar'e Stoudemire",1896,NA,NA,NA,NA
"20370",2010,"Zach Randolph",1681,NA,NA,NA,NA
"19985",2010,"Chris Bosh",1678,NA,NA,NA,NA
"20205",2010,"Stephen Jackson",1667,NA,NA,NA,NA
"20685",2011,"Kevin Durant",2161,NA,NA,NA,NA
"20813",2011,"LeBron James",2111,NA,NA,NA,NA
"20601",2011,"Kobe Bryant",2078,NA,NA,NA,NA
"20992",2011,"Derrick Rose",2026,NA,NA,NA,NA
"21028",2011,"Amar'e Stoudemire",1971,NA,NA,NA,NA
"20522",2011,"Carmelo Anthony",1970,NA,NA,NA,NA
"21071",2011,"Dwyane Wade",1941,NA,NA,NA,NA
"20688",2011,"Monta Ellis",1929,NA,NA,NA,NA
"20883",2011,"Kevin Martin",1876,NA,NA,NA,NA
"20760",2011,"Blake Griffin",1845,NA,NA,NA,NA
"21265",2012,"Kevin Durant",1850,NA,NA,NA,NA
"21396",2012,"LeBron James",1683,NA,NA,NA,NA
"21197",2012,"Kobe Bryant",1616,NA,NA,NA,NA
"21647",2012,"Russell Westbrook",1558,NA,NA,NA,NA
"21454",2012,"Kevin Love",1432,NA,NA,NA,NA
"21333",2012,"Blake Griffin",1368,NA,NA,NA,NA
"21506",2012,"Dirk Nowitzki",1342,NA,NA,NA,NA
"21405",2012,"Brandon Jennings",1260,NA,NA,NA,NA
"21144",2012,"Carmelo Anthony",1245,NA,NA,NA,NA
"21578",2012,"Josh Smith",1239,NA,NA,NA,NA
"21828",2013,"Kevin Durant",2280,NA,NA,NA,NA
"21758",2013,"Kobe Bryant",2133,NA,NA,NA,NA
"21934",2013,"LeBron James",2036,NA,NA,NA,NA
"21887",2013,"James Harden",2023,NA,NA,NA,NA
"21702",2013,"Carmelo Anthony",1920,NA,NA,NA,NA
"22231",2013,"Russell Westbrook",1903,NA,NA,NA,NA
"21799",2013,"Stephen Curry",1786,NA,NA,NA,NA
"21833",2013,"Monta Ellis",1577,NA,NA,NA,NA
"21996",2013,"Damian Lillard",1562,NA,NA,NA,NA
"21687",2013,"LaMarcus Aldridge",1560,NA,NA,NA,NA
"22439",2014,"Kevin Durant",2593,NA,NA,NA,NA
"22279",2014,"Carmelo Anthony",2112,NA,NA,NA,NA
"22549",2014,"LeBron James",2089,NA,NA,NA,NA
"22607",2014,"Kevin Love",2010,NA,NA,NA,NA
"22495",2014,"Blake Griffin",1930,NA,NA,NA,NA
"22403",2014,"Stephen Curry",1873,NA,NA,NA,NA
"22505",2014,"James Harden",1851,NA,NA,NA,NA
"22427",2014,"DeMar DeRozan",1791,NA,NA,NA,NA
"22474",2014,"Paul George",1737,NA,NA,NA,NA
"22678",2014,"Dirk Nowitzki",1735,NA,NA,NA,NA
"23115",2015,"James Harden",2217,NA,NA,NA,NA
"23001",2015,"Stephen Curry",1900,NA,NA,NA,NA
"23481",2015,"Russell Westbrook",1886,NA,NA,NA,NA
"23155",2015,"LeBron James",1743,NA,NA,NA,NA
"23216",2015,"Damian Lillard",1720,NA,NA,NA,NA
"23447",2015,"Klay Thompson",1668,NA,NA,NA,NA
"22876",2015,"LaMarcus Aldridge",1661,NA,NA,NA,NA
"23013",2015,"Anthony Davis",1656,NA,NA,NA,NA
"23149",2015,"Kyrie Irving",1628,NA,NA,NA,NA
"23313",2015,"Chris Paul",1564,NA,NA,NA,NA
"23723",2016,"James Harden",2376,NA,NA,NA,NA
"23634",2016,"Stephen Curry",2375,NA,NA,NA,NA
"23655",2016,"Kevin Durant",2029,NA,NA,NA,NA
"23782",2016,"LeBron James",1920,NA,NA,NA,NA
"23843",2016,"Damian Lillard",1879,NA,NA,NA,NA
"24071",2016,"Russell Westbrook",1878,NA,NA,NA,NA
"23693",2016,"Paul George",1874,NA,NA,NA,NA
"23644",2016,"DeMar DeRozan",1830,NA,NA,NA,NA
"24028",2016,"Isaiah Thomas",1823,NA,NA,NA,NA
"24034",2016,"Klay Thompson",1771,NA,NA,NA,NA
"4054",1974,"Larry Steele",NA,217,NA,NA,NA
"4002",1974,"Steve Mix",NA,212,NA,NA,NA
"4050",1974,"Randy Smith",NA,203,NA,NA,NA
"4046",1974,"Jerry Sloan*",NA,183,NA,NA,NA
"38621",1974,"Rick Barry*",NA,169,NA,NA,NA
"4064",1974,"Norm Van",NA,162,NA,NA,NA
"3917",1974,"Walt Frazier*",NA,161,NA,NA,NA
"3947",1974,"Lou Hudson",NA,160,NA,NA,NA
"4008",1974,"Calvin Murphy*",NA,157,NA,NA,NA
"4022",1974,"Jim Price",NA,157,NA,NA,NA
"41171",1975,"Rick Barry*",NA,228,NA,NA,NA
"4191",1975,"Walt Frazier*",NA,190,NA,NA,NA
"4349",1975,"Slick Watts",NA,190,NA,NA,NA
"41431",1975,"Fred Brown",NA,187,NA,NA,NA
"4322",1975,"Larry Steele",NA,183,NA,NA,NA
"4154",1975,"Phil Chenier",NA,176,NA,NA,NA
"4310",1975,"Jerry Sloan*",NA,171,NA,NA,NA
"42091",1975,"Elvin Hayes*",NA,158,NA,NA,NA
"4287",1975,"Kevin Porter",NA,152,NA,NA,NA
"4291",1975,"Ed Ratleff",NA,146,NA,NA,NA
"4627",1976,"Slick Watts",NA,261,NA,NA,NA
"46321",1976,"Paul Westphal",NA,210,NA,NA,NA
"43901",1976,"Rick Barry*",NA,202,NA,NA,NA
"45361",1976,"George McGinnis",NA,198,NA,NA,NA
"4453",1976,"Chris Ford",NA,178,NA,NA,NA
"4609",1976,"Larry Steele",NA,170,NA,NA,NA
"4422",1976,"Phil Chenier",NA,158,NA,NA,NA
"4548",1976,"Steve Mix",NA,158,NA,NA,NA
"46031",1976,"Randy Smith",NA,153,NA,NA,NA
"45531",1976,"Calvin Murphy*",NA,151,NA,NA,NA
"4696",1977,"Don Buse",NA,281,NA,NA,NA
"4976",1977,"Slick Watts",NA,214,NA,NA,NA
"4947",1977,"Brian Taylor",NA,199,NA,NA,NA
"4693",1977,"Quinn Buckner",NA,192,NA,NA,NA
"4757",1977,"Mike Gale",NA,191,NA,NA,NA
"4815",1977,"Bobby Jones",NA,186,NA,NA,NA
"4750",1977,"Chris Ford",NA,179,NA,NA,NA
"4937",1977,"Randy Smith",NA,176,NA,NA,NA
"4669",1977,"Rick Barry*",NA,172,NA,NA,NA
"4797",1977,"Wilbur Holland",NA,169,NA,NA,NA
"5213",1978,"Ron Lee",NA,225,NA,NA,NA
"5060",1978,"Quinn Buckner",NA,188,NA,NA,NA
"5063",1978,"Don Buse",NA,185,NA,NA,NA
"5368",1978,"Gus Williams",NA,185,NA,NA,NA
"5341",1978,"Foots Walker",NA,176,NA,NA,NA
"53221",1978,"Randy Smith",NA,172,NA,NA,NA
"5326",1978,"Ricky Sobers",NA,170,NA,NA,NA
"5126",1978,"Chris Ford",NA,166,NA,NA,NA
"5167",1978,"Wilbur Holland",NA,164,NA,NA,NA
"5217",1978,"John Lucas",NA,160,NA,NA,NA
"5551",1979,"Eddie Jordan",NA,201,NA,NA,NA
"5611",1979,"Norm Nixon",NA,201,NA,NA,NA
"5438",1979,"M.L. Carr",NA,197,NA,NA,NA
"5670",1979,"Randy Smith",NA,177,NA,NA,NA
"5444",1979,"Maurice Cheeks",NA,174,NA,NA,NA
"5485",1979,"Phil Ford",NA,174,NA,NA,NA
"5622",1979,"Kevin Porter",NA,158,NA,NA,NA
"5720",1979,"Gus Williams",NA,158,NA,NA,NA
"5428",1979,"Quinn Buckner",NA,156,NA,NA,NA
"5431",1979,"Don Buse",NA,156,NA,NA,NA
"6003",1980,"Micheal Ray",NA,265,NA,NA,NA
"5901",1980,"Eddie Jordan",NA,223,NA,NA,NA
"5760",1980,"Dudley Bradley",NA,211,NA,NA,NA
"6073",1980,"Gus Williams",NA,200,NA,NA,NA
"5890",1980,"Magic Johnson*",NA,187,NA,NA,NA
"5788",1980,"Maurice Cheeks",NA,183,NA,NA,NA
"5985",1980,"Sonny Parker",NA,173,NA,NA,NA
"58321",1980,"Julius Erving*",NA,170,NA,NA,NA
"6074",1980,"Ray Williams",NA,167,NA,NA,NA
"6053",1980,"Foots Walker",NA,155,NA,NA,NA
"6365",1981,"Micheal Ray",NA,232,NA,NA,NA
"6120",1981,"Quinn Buckner",NA,197,NA,NA,NA
"6135",1981,"Maurice Cheeks",NA,193,NA,NA,NA
"6106",1981,"Dudley Bradley",NA,186,NA,NA,NA
"6441",1981,"Ray Williams",NA,185,NA,NA,NA
"61801",1981,"Julius Erving*",NA,173,NA,NA,NA
"6288",1981,"Ron Lee",NA,166,NA,NA,NA
"6362",1981,"Robert Reid",NA,163,NA,NA,NA
"6101",1981,"Larry Bird*",NA,161,NA,NA,NA
"6338",1981,"Norm Nixon",NA,146,NA,NA,NA
"6730",1982,"Micheal Ray",NA,213,NA,NA,NA
"6505",1982,"Maurice Cheeks",NA,209,NA,NA,NA
"6612",1982,"Magic Johnson*",NA,208,NA,NA,NA
"6806",1982,"Ray Williams",NA,199,NA,NA,NA
"6563",1982,"Rickey Green",NA,185,NA,NA,NA
"6488",1982,"Quinn Buckner",NA,174,NA,NA,NA
"68041",1982,"Gus Williams",NA,172,NA,NA,NA
"6493",1982,"Don Buse",NA,164,NA,NA,NA
"6696",1982,"Johnny Moore",NA,163,NA,NA,NA
"65471",1982,"Julius Erving*",NA,161,NA,NA,NA
"6943",1983,"Rickey Green",NA,220,NA,NA,NA
"71581",1983,"Isiah Thomas*",NA,199,NA,NA,NA
"6877",1983,"Darwin Cook",NA,194,NA,NA,NA
"7068",1983,"Johnny Moore",NA,194,NA,NA,NA
"6874",1983,"Maurice Cheeks",NA,184,NA,NA,NA
"7108",1983,"Micheal Ray",NA,182,NA,NA,NA
"7199",1983,"Gus Williams",NA,182,NA,NA,NA
"6984",1983,"Magic Johnson*",NA,176,NA,NA,NA
"7030",1983,"Allen Leavell",NA,165,NA,NA,NA
"7032",1983,"Fat Lever",NA,153,NA,NA,NA
"7317",1984,"Rickey Green",NA,215,NA,NA,NA
"7499",1984,"Isiah Thomas*",NA,204,NA,NA,NA
"7543",1984,"Gus Williams",NA,189,NA,NA,NA
"7288",1984,"T.R. Dunn",NA,173,NA,NA,NA
"7256",1984,"Maurice Cheeks",NA,171,NA,NA,NA
"7261",1984,"Darwin Cook",NA,164,NA,NA,NA
"7260",1984,"Lester Conner",NA,162,NA,NA,NA
"7546",1984,"Ray Williams",NA,162,NA,NA,NA
"7349",1984,"Magic Johnson*",NA,150,NA,NA,NA
"72311",1984,"Larry Bird*",NA,144,NA,NA,NA
"7805",1985,"Micheal Ray",NA,243,NA,NA,NA
"7771",1985,"Johnny Moore",NA,229,NA,NA,NA
"7735",1985,"Fat Lever",NA,202,NA,NA,NA
"77171",1985,"Michael Jordan*",NA,196,NA,NA,NA
"7858",1985,"Isiah Thomas*",NA,187,NA,NA,NA
"7902",1985,"Gus Williams",NA,178,NA,NA,NA
"7635",1985,"Clyde Drexler*",NA,177,NA,NA,NA
"7605",1985,"Maurice Cheeks",NA,169,NA,NA,NA
"7882",1985,"Darrell Walker",NA,167,NA,NA,NA
"7806",1985,"Doc Rivers",NA,163,NA,NA,NA
"8192",1986,"Alvin Robertson",NA,301,NA,NA,NA
"7975",1986,"Maurice Cheeks",NA,207,NA,NA,NA
"8009",1986,"Clyde Drexler*",NA,197,NA,NA,NA
"8113",1986,"Fat Lever",NA,178,NA,NA,NA
"7937",1986,"Charles Barkley*",NA,173,NA,NA,NA
"8226",1986,"Isiah Thomas*",NA,171,NA,NA,NA
"8182",1986,"Paul Pressey",NA,168,NA,NA,NA
"79411",1986,"Larry Bird*",NA,166,NA,NA,NA
"8024",1986,"Sleepy Floyd",NA,157,NA,NA,NA
"8219",1986,"John Stockton*",NA,157,NA,NA,NA
"8569",1987,"Alvin Robertson",NA,260,NA,NA,NA
"84701",1987,"Michael Jordan*",NA,236,NA,NA,NA
"8430",1987,"Ron Harper",NA,209,NA,NA,NA
"8386",1987,"Clyde Drexler*",NA,204,NA,NA,NA
"8485",1987,"Fat Lever",NA,201,NA,NA,NA
"8352",1987,"Maurice Cheeks",NA,180,NA,NA,NA
"8603",1987,"John Stockton*",NA,177,NA,NA,NA
"8567",1987,"Doc Rivers",NA,171,NA,NA,NA
"8429",1987,"Derek Harper",NA,167,NA,NA,NA
"8558",1987,"Terry Porter",NA,159,NA,NA,NA
"88701",1988,"Michael Jordan*",NA,259,NA,NA,NA
"8979",1988,"Alvin Robertson",NA,243,NA,NA,NA
"9019",1988,"John Stockton*",NA,242,NA,NA,NA
"8884",1988,"Fat Lever",NA,223,NA,NA,NA
"8853",1988,"Mark Jackson",NA,205,NA,NA,NA
"87711",1988,"Clyde Drexler*",NA,203,NA,NA,NA
"8914",1988,"Nate McMillan",NA,169,NA,NA,NA
"8685",1988,"Michael Adams",NA,168,NA,NA,NA
"8817",1988,"Derek Harper",NA,168,NA,NA,NA
"8732",1988,"Maurice Cheeks",NA,167,NA,NA,NA
"9462",1989,"John Stockton*",NA,263,NA,NA,NA
"92981",1989,"Michael Jordan*",NA,234,NA,NA,NA
"92031",1989,"Clyde Drexler*",NA,213,NA,NA,NA
"93831",1989,"Hakeem Olajuwon*",NA,213,NA,NA,NA
"9418",1989,"Alvin Robertson",NA,197,NA,NA,NA
"9322",1989,"Fat Lever",NA,195,NA,NA,NA
"9257",1989,"Ron Harper",NA,185,NA,NA,NA
"9173",1989,"Lester Conner",NA,181,NA,NA,NA
"9416",1989,"Doc Rivers",NA,181,NA,NA,NA
"93641",1989,"Chris Mullin*",NA,176,NA,NA,NA
"97481",1990,"Michael Jordan*",NA,227,NA,NA,NA
"9859",1990,"Scottie Pippen*",NA,211,NA,NA,NA
"9881",1990,"Alvin Robertson",NA,207,NA,NA,NA
"9924",1990,"John Stockton*",NA,207,NA,NA,NA
"9702",1990,"Derek Harper",NA,187,NA,NA,NA
"9623",1990,"Tyrone Corbin",NA,175,NA,NA,NA
"98411",1990,"Hakeem Olajuwon*",NA,174,NA,NA,NA
"9619",1990,"Lester Conner",NA,172,NA,NA,NA
"9775",1990,"Fat Lever",NA,168,NA,NA,NA
"9578",1990,"Muggsy Bogues",NA,166,NA,NA,NA
"10335",1991,"Alvin Robertson",NA,246,NA,NA,NA
"10378",1991,"John Stockton*",NA,234,NA,NA,NA
"102131",1991,"Michael Jordan*",NA,223,NA,NA,NA
"101761",1991,"Tim Hardaway",NA,214,NA,NA,NA
"10315",1991,"Scottie Pippen*",NA,193,NA,NA,NA
"10181",1991,"Hersey Hawkins",NA,178,NA,NA,NA
"102811",1991,"Chris Mullin*",NA,173,NA,NA,NA
"10045",1991,"Mookie Blaylock",NA,169,NA,NA,NA
"10302",1991,"Gary Payton*",NA,165,NA,NA,NA
"10208",1991,"Kevin Johnson",NA,163,NA,NA,NA
"10845",1992,"John Stockton*",NA,244,NA,NA,NA
"10893",1992,"Micheal Williams",NA,233,NA,NA,NA
"10796",1992,"Alvin Robertson",NA,210,NA,NA,NA
"106671",1992,"Michael Jordan*",NA,182,NA,NA,NA
"107381",1992,"Chris Mullin*",NA,173,NA,NA,NA
"10493",1992,"Mookie Blaylock",NA,170,NA,NA,NA
"10494",1992,"Muggsy Bogues",NA,170,NA,NA,NA
"10862",1992,"Sedale Threatt",NA,168,NA,NA,NA
"106271",1992,"Tim Hardaway",NA,164,NA,NA,NA
"10648",1992,"Jeff Hornacek",NA,158,NA,NA,NA
"111071",1993,"Michael Jordan*",NA,221,NA,NA,NA
"10953",1993,"Mookie Blaylock",NA,203,NA,NA,NA
"11296",1993,"John Stockton*",NA,199,NA,NA,NA
"11074",1993,"Ron Harper",NA,177,NA,NA,NA
"11206",1993,"Gary Payton*",NA,177,NA,NA,NA
"11177",1993,"Eric Murdock",NA,174,NA,NA,NA
"11166",1993,"Nate McMillan",NA,173,NA,NA,NA
"11218",1993,"Scottie Pippen*",NA,173,NA,NA,NA
"11340",1993,"Micheal Williams",NA,165,NA,NA,NA
"10954",1993,"Muggsy Bogues",NA,161,NA,NA,NA
"11656",1994,"Nate McMillan",NA,216,NA,NA,NA
"11396",1994,"Mookie Blaylock",NA,212,NA,NA,NA
"11713",1994,"Scottie Pippen*",NA,211,NA,NA,NA
"11778",1994,"John Stockton*",NA,199,NA,NA,NA
"11671",1994,"Eric Murdock",NA,197,NA,NA,NA
"11541",1994,"Anfernee Hardaway",NA,190,NA,NA,NA
"11701",1994,"Gary Payton*",NA,188,NA,NA,NA
"117741",1994,"Latrell Sprewell",NA,180,NA,NA,NA
"11535",1994,"Tom Gugliotta",NA,172,NA,NA,NA
"11617",1994,"Fat Lever",NA,159,NA,NA,NA
"121601",1995,"Scottie Pippen*",NA,232,NA,NA,NA
"12146",1995,"Gary Payton*",NA,204,NA,NA,NA
"11874",1995,"Mookie Blaylock",NA,200,NA,NA,NA
"12228",1995,"John Stockton*",NA,194,NA,NA,NA
"12109",1995,"Nate McMillan",NA,165,NA,NA,NA
"12151",1995,"Elliot Perry",NA,156,NA,NA,NA
"12055",1995,"Jason Kidd",NA,151,NA,NA,NA
"11863",1995,"Dana Barros",NA,149,NA,NA,NA
"11944",1995,"Clyde Drexler*",NA,136,NA,NA,NA
"121831",1995,"David Robinson*",NA,134,NA,NA,NA
"12647",1996,"Gary Payton*",NA,231,NA,NA,NA
"12331",1996,"Mookie Blaylock",NA,212,NA,NA,NA
"125291",1996,"Michael Jordan*",NA,180,NA,NA,NA
"12537",1996,"Jason Kidd",NA,175,NA,NA,NA
"124871",1996,"Anfernee Hardaway",NA,166,NA,NA,NA
"12696",1996,"Alvin Robertson",NA,166,NA,NA,NA
"12497",1996,"Hersey Hawkins",NA,149,NA,NA,NA
"12757",1996,"John Stockton*",NA,140,NA,NA,NA
"12479",1996,"Tom Gugliotta",NA,139,NA,NA,NA
"125741",1996,"Karl Malone*",NA,138,NA,NA,NA
"12877",1997,"Mookie Blaylock",NA,212,NA,NA,NA
"12936",1997,"Doug Christie",NA,201,NA,NA,NA
"132351",1997,"Gary Payton*",NA,197,NA,NA,NA
"13095",1997,"Eddie Jones",NA,189,NA,NA,NA
"13010",1997,"Rick Fox",NA,167,NA,NA,NA
"13338",1997,"John Stockton*",NA,166,NA,NA,NA
"12851",1997,"Kenny Anderson",NA,162,NA,NA,NA
"13378",1997,"David Wesley",NA,162,NA,NA,NA
"13057",1997,"Hersey Hawkins",NA,159,NA,NA,NA
"130771",1997,"Allen Iverson*",NA,157,NA,NA,NA
"13667",1998,"Brevin Knight",NA,196,NA,NA,NA
"13507",1998,"Doug Christie",NA,190,NA,NA,NA
"13759",1998,"Gary Payton*",NA,185,NA,NA,NA
"13460",1998,"Mookie Blaylock",NA,183,NA,NA,NA
"136371",1998,"Allen Iverson*",NA,176,NA,NA,NA
"13664",1998,"Jason Kidd",NA,162,NA,NA,NA
"13653",1998,"Eddie Jones",NA,160,NA,NA,NA
"13589",1998,"Kendall Gill",NA,156,NA,NA,NA
"13615",1998,"Hersey Hawkins",NA,148,NA,NA,NA
"13917",1998,"Charlie Ward",NA,144,NA,NA,NA
"14130",1999,"Kendall Gill",NA,134,NA,NA,NA
"14196",1999,"Eddie Jones",NA,125,NA,NA,NA
"14207",1999,"Jason Kidd",NA,114,NA,NA,NA
"14050",1999,"Doug Christie",NA,113,NA,NA,NA
"14144",1999,"Anfernee Hardaway",NA,111,NA,NA,NA
"141781",1999,"Allen Iverson*",NA,110,NA,NA,NA
"143131",1999,"Gary Payton*",NA,109,NA,NA,NA
"13977",1999,"Darrell Armstrong",NA,108,NA,NA,NA
"14429",1999,"Charlie Ward",NA,103,NA,NA,NA
"14389",1999,"Eric Snow",NA,100,NA,NA,NA
"14711",2000,"Eddie Jones",NA,192,NA,NA,NA
"14486",2000,"Darrell Armstrong",NA,169,NA,NA,NA
"148261",2000,"Gary Payton*",NA,153,NA,NA,NA
"14835",2000,"Paul Pierce",NA,152,NA,NA,NA
"14509",2000,"Mookie Blaylock",NA,146,NA,NA,NA
"146861",2000,"Allen Iverson*",NA,144,NA,NA,NA
"14896",2000,"John Stockton*",NA,143,NA,NA,NA
"14884",2000,"Eric Snow",NA,140,NA,NA,NA
"14480",2000,"Kenny Anderson",NA,139,NA,NA,NA
"14642",2000,"Kendall Gill",NA,139,NA,NA,NA
"15053",2001,"Doug Christie",NA,183,NA,NA,NA
"151871",2001,"Allen Iverson*",NA,178,NA,NA,NA
"15082",2001,"Baron Davis",NA,170,NA,NA,NA
"15220",2001,"Jason Kidd",NA,166,NA,NA,NA
"15002",2001,"Mookie Blaylock",NA,163,NA,NA,NA
"15019",2001,"Terrell Brandon",NA,161,NA,NA,NA
"15502",2001,"Metta World",NA,152,NA,NA,NA
"15128",2001,"Steve Francis",NA,141,NA,NA,NA
"153661",2001,"Paul Pierce",NA,138,NA,NA,NA
"154701",2001,"Antoine Walker",NA,138,NA,NA,NA
"15755",2002,"Jason Kidd",NA,175,NA,NA,NA
"15623",2002,"Baron Davis",NA,172,NA,NA,NA
"157221",2002,"Allen Iverson*",NA,168,NA,NA,NA
"15599",2002,"Doug Christie",NA,160,NA,NA,NA
"15526",2002,"Darrell Armstrong",NA,157,NA,NA,NA
"158721",2002,"Paul Pierce",NA,154,NA,NA,NA
"157831",2002,"Karl Malone*",NA,152,NA,NA,NA
"15945",2002,"John Stockton*",NA,152,NA,NA,NA
"15786",2002,"Shawn Marion",NA,149,NA,NA,NA
"15538",2002,"Brent Barry",NA,147,NA,NA,NA
"162141",2003,"Allen Iverson*",NA,225,NA,NA,NA
"16272",2003,"Shawn Marion",NA,185,NA,NA,NA
"160711",2003,"Kobe Bryant",NA,181,NA,NA,NA
"16093",2003,"Doug Christie",NA,180,NA,NA,NA
"16244",2003,"Jason Kidd",NA,179,NA,NA,NA
"16486",2003,"Metta World",NA,159,NA,NA,NA
"16149",2003,"Steve Francis",NA,141,NA,NA,NA
"163531",2003,"Paul Pierce",NA,139,NA,NA,NA
"16078",2003,"Caron Butler",NA,137,NA,NA,NA
"16413",2003,"John Stockton*",NA,137,NA,NA,NA
"16805",2004,"Shawn Marion",NA,167,NA,NA,NA
"16622",2004,"Baron Davis",NA,158,NA,NA,NA
"17071",2004,"Metta World",NA,152,NA,NA,NA
"16599",2004,"Doug Christie",NA,151,NA,NA,NA
"16775",2004,"Andrei Kirilenko",NA,150,NA,NA,NA
"17021",2004,"Ben Wallace",NA,143,NA,NA,NA
"16744",2004,"Stephen Jackson",NA,142,NA,NA,NA
"16838",2004,"Andre Miller",NA,142,NA,NA,NA
"16670",2004,"Steve Francis",NA,139,NA,NA,NA
"16917",2004,"James Posey",NA,137,NA,NA,NA
"173311",2005,"Allen Iverson*",NA,180,NA,NA,NA
"173451",2005,"LeBron James",NA,177,NA,NA,NA
"17322",2005,"Larry Hughes",NA,176,NA,NA,NA
"17399",2005,"Shawn Marion",NA,163,NA,NA,NA
"170951",2005,"Gilbert Arenas",NA,139,NA,NA,NA
"17328",2005,"Andre Iguodala",NA,138,NA,NA,NA
"174121",2005,"Tracy McGrady",NA,135,NA,NA,NA
"17491",2005,"Paul Pierce",NA,133,NA,NA,NA
"17376",2005,"Brevin Knight",NA,131,NA,NA,NA
"17127",2005,"Mike Bibby",NA,124,NA,NA,NA
"18053",2006,"Chris Paul",NA,175,NA,NA,NA
"176781",2006,"Gilbert Arenas",NA,161,NA,NA,NA
"17972",2006,"Shawn Marion",NA,160,NA,NA,NA
"17949",2006,"Brevin Knight",NA,157,NA,NA,NA
"17946",2006,"Jason Kidd",NA,150,NA,NA,NA
"177431",2006,"Kobe Bryant",NA,147,NA,NA,NA
"181771",2006,"Dwyane Wade",NA,146,NA,NA,NA
"18181",2006,"Ben Wallace",NA,146,NA,NA,NA
"179051",2006,"Allen Iverson*",NA,140,NA,NA,NA
"18048",2006,"Smush Parker",NA,140,NA,NA,NA
"18517",2007,"Shawn Marion",NA,156,NA,NA,NA
"18442",2007,"Andre Iguodala",NA,152,NA,NA,NA
"18738",2007,"Metta World",NA,149,NA,NA,NA
"18704",2007,"Gerald Wallace",NA,144,NA,NA,NA
"182421",2007,"Gilbert Arenas",NA,139,NA,NA,NA
"18331",2007,"Baron Davis",NA,135,NA,NA,NA
"18299",2007,"Caron Butler",NA,134,NA,NA,NA
"18357",2007,"Monta Ellis",NA,132,NA,NA,NA
"18234",2007,"Rafer Alston",NA,129,NA,NA,NA
"18636",2007,"Rajon Rondo",NA,128,NA,NA,NA
"19165",2008,"Chris Paul",NA,217,NA,NA,NA
"188661",2008,"Baron Davis",NA,191,NA,NA,NA
"19003",2008,"Andre Iguodala",NA,171,NA,NA,NA
"190081",2008,"Allen Iverson*",NA,160,NA,NA,NA
"188261",2008,"Kobe Bryant",NA,151,NA,NA,NA
"190181",2008,"LeBron James",NA,138,NA,NA,NA
"19055",2008,"Jason Kidd",NA,136,NA,NA,NA
"19327",2008,"Metta World",NA,133,NA,NA,NA
"19284",2008,"Gerald Wallace",NA,131,NA,NA,NA
"18811",2008,"Ronnie Brewer",NA,129,NA,NA,NA
"197531",2009,"Chris Paul",NA,216,NA,NA,NA
"198781",2009,"Dwyane Wade",NA,173,NA,NA,NA
"19444",2009,"Mario Chalmers",NA,160,NA,NA,NA
"19640",2009,"Jason Kidd",NA,160,NA,NA,NA
"19793",2009,"Rajon Rondo",NA,149,NA,NA,NA
"19415",2009,"Ronnie Brewer",NA,138,NA,NA,NA
"19363",2009,"Trevor Ariza",NA,137,NA,NA,NA
"196121",2009,"LeBron James",NA,137,NA,NA,NA
"19600",2009,"Andre Iguodala",NA,131,NA,NA,NA
"19515",2009,"Raymond Felton",NA,126,NA,NA,NA
"20386",2010,"Rajon Rondo",NA,189,NA,NA,NA
"20043",2010,"Stephen Curry",NA,152,NA,NA,NA
"20237",2010,"Jason Kidd",NA,145,NA,NA,NA
"20074",2010,"Monta Ellis",NA,143,NA,NA,NA
"204591",2010,"Dwyane Wade",NA,142,NA,NA,NA
"20187",2010,"Andre Iguodala",NA,141,NA,NA,NA
"202051",2010,"Stephen Jackson",NA,132,NA,NA,NA
"20410",2010,"Josh Smith",NA,130,NA,NA,NA
"19941",2010,"Trevor Ariza",NA,126,NA,NA,NA
"20047",2010,"Baron Davis",NA,126,NA,NA,NA
"20945",2011,"Chris Paul",NA,188,NA,NA,NA
"206881",2011,"Monta Ellis",NA,168,NA,NA,NA
"21090",2011,"Russell Westbrook",NA,155,NA,NA,NA
"20991",2011,"Rajon Rondo",NA,153,NA,NA,NA
"20643",2011,"Mike Conley",NA,144,NA,NA,NA
"20846",2011,"Jason Kidd",NA,134,NA,NA,NA
"20513",2011,"Tony Allen",NA,129,NA,NA,NA
"20706",2011,"Raymond Felton",NA,125,NA,NA,NA
"208131",2011,"LeBron James",NA,124,NA,NA,NA
"21117",2011,"Metta World",NA,124,NA,NA,NA
"21521",2012,"Chris Paul",NA,152,NA,NA,NA
"21227",2012,"Mike Conley",NA,136,NA,NA,NA
"21485",2012,"Paul Millsap",NA,118,NA,NA,NA
"213961",2012,"LeBron James",NA,115,NA,NA,NA
"216471",2012,"Russell Westbrook",NA,112,NA,NA,NA
"21314",2012,"Paul George",NA,108,NA,NA,NA
"21386",2012,"Andre Iguodala",NA,107,NA,NA,NA
"21590",2012,"Jeff Teague",NA,106,NA,NA,NA
"21136",2012,"Tony Allen",NA,104,NA,NA,NA
"214051",2012,"Brandon Jennings",NA,104,NA,NA,NA
"21784",2013,"Mike Conley",NA,174,NA,NA,NA
"218331",2013,"Monta Ellis",NA,169,NA,NA,NA
"22089",2013,"Chris Paul",NA,169,NA,NA,NA
"22216",2013,"Kemba Walker",NA,160,NA,NA,NA
"222311",2013,"Russell Westbrook",NA,145,NA,NA,NA
"21863",2013,"Paul George",NA,143,NA,NA,NA
"218871",2013,"James Harden",NA,142,NA,NA,NA
"21925",2013,"Andre Iguodala",NA,139,NA,NA,NA
"22128",2013,"Ricky Rubio",NA,137,NA,NA,NA
"21997",2013,"Jeremy Lin",NA,134,NA,NA,NA
"22731",2014,"Ricky Rubio",NA,191,NA,NA,NA
"22862",2014,"Thaddeus Young",NA,167,NA,NA,NA
"22699",2014,"Chris Paul",NA,154,NA,NA,NA
"22334",2014,"Corey Brewer",NA,151,NA,NA,NA
"224741",2014,"Paul George",NA,151,NA,NA,NA
"22833",2014,"John Wall",NA,149,NA,NA,NA
"22442",2014,"Monta Ellis",NA,141,NA,NA,NA
"22370",2014,"Michael Carter-Williams",NA,130,NA,NA,NA
"22645",2014,"Paul Millsap",NA,129,NA,NA,NA
"22685",2014,"Victor Oladipo",NA,129,NA,NA,NA
"230011",2015,"Stephen Curry",NA,163,NA,NA,NA
"233131",2015,"Chris Paul",NA,156,NA,NA,NA
"231151",2015,"James Harden",NA,154,NA,NA,NA
"22891",2015,"Trevor Ariza",NA,152,NA,NA,NA
"23044",2015,"Monta Ellis",NA,148,NA,NA,NA
"23213",2015,"Kawhi Leonard",NA,148,NA,NA,NA
"23317",2015,"Elfrid Payton",NA,142,NA,NA,NA
"234811",2015,"Russell Westbrook",NA,140,NA,NA,NA
"23473",2015,"John Wall",NA,138,NA,NA,NA
"23294",2015,"Nerlens Noel",NA,133,NA,NA,NA
"236341",2016,"Stephen Curry",NA,169,NA,NA,NA
"240711",2016,"Russell Westbrook",NA,163,NA,NA,NA
"23977",2016,"Ricky Rubio",NA,162,NA,NA,NA
"23543",2016,"Trevor Ariza",NA,160,NA,NA,NA
"23850",2016,"Kyle Lowry",NA,158,NA,NA,NA
"236931",2016,"Paul George",NA,152,NA,NA,NA
"23939",2016,"Chris Paul",NA,152,NA,NA,NA
"23659",2016,"Monta Ellis",NA,150,NA,NA,NA
"23893",2016,"Paul Millsap",NA,147,NA,NA,NA
"24061",2016,"John Wall",NA,145,NA,NA,NA
"4048",1974,"Elmore Smith",NA,NA,393,NA,NA
"38531",1974,"Kareem Abdul-Jabbar*",NA,NA,283,NA,NA
"39711",1974,"Bob Lanier*",NA,NA,247,NA,NA
"39891",1974,"Bob McAdoo*",NA,NA,246,NA,NA
"3943",1974,"Elvin Hayes*",NA,NA,240,NA,NA
"3946",1974,"Gar Heard",NA,NA,230,NA,NA
"3970",1974,"Sam Lacey",NA,NA,184,NA,NA
"4057",1974,"Nate Thurmond*",NA,NA,179,NA,NA
"4026",1974,"Clifford Ray",NA,NA,173,NA,NA
"3955",1974,"George Johnson",NA,NA,124,NA,NA
"4313",1975,"Elmore Smith",NA,NA,216,NA,NA
"40991",1975,"Kareem Abdul-Jabbar*",NA,NA,212,NA,NA
"4324",1975,"Nate Thurmond*",NA,NA,195,NA,NA
"42092",1975,"Elvin Hayes*",NA,NA,187,NA,NA
"42561",1975,"Bob McAdoo*",NA,NA,174,NA,NA
"42401",1975,"Bob Lanier*",NA,NA,172,NA,NA
"4239",1975,"Sam Lacey",NA,NA,168,NA,NA
"4145",1975,"Tom Burleson",NA,NA,153,NA,NA
"4223",1975,"George Johnson",NA,NA,136,NA,NA
"4155",1975,"Jim Chones",NA,NA,120,NA,NA
"43761",1976,"Kareem Abdul-Jabbar*",NA,NA,338,NA,NA
"4600",1976,"Elmore Smith",NA,NA,238,NA,NA
"4482",1976,"Elvin Hayes*",NA,NA,202,NA,NA
"4495",1976,"George Johnson",NA,NA,174,NA,NA
"4420",1976,"Harvey Catchings",NA,NA,164,NA,NA
"45321",1976,"Bob McAdoo*",NA,NA,160,NA,NA
"4415",1976,"Tom Burleson",NA,NA,150,NA,NA
"4551",1976,"Otto Moore",NA,NA,136,NA,NA
"4516",1976,"Sam Lacey",NA,NA,134,NA,NA
"4546",1976,"Joe Meriweather",NA,NA,120,NA,NA
"46511",1977,"Kareem Abdul-Jabbar*",NA,NA,261,NA,NA
"47861",1977,"Elvin Hayes*",NA,NA,220,NA,NA
"4970",1977,"Bill Walton*",NA,NA,211,NA,NA
"4769",1977,"Artis Gilmore*",NA,NA,203,NA,NA
"4816",1977,"Caldwell Jones",NA,NA,200,NA,NA
"4847",1977,"Moses Malone*",NA,NA,181,NA,NA
"4849",1977,"Moses Malone*",NA,NA,181,NA,NA
"4809",1977,"George Johnson",NA,NA,177,NA,NA
"4897",1977,"Billy Paultz",NA,NA,173,NA,NA
"48151",1977,"Bobby Jones",NA,NA,162,NA,NA
"5179",1978,"George Johnson",NA,NA,274,NA,NA
"5290",1978,"Tree Rollins",NA,NA,218,NA,NA
"5264",1978,"Billy Paultz",NA,NA,194,NA,NA
"5011",1978,"Kareem Abdul-Jabbar*",NA,NA,185,NA,NA
"51381",1978,"Artis Gilmore*",NA,NA,181,NA,NA
"5320",1978,"Elmore Smith",NA,NA,176,NA,NA
"5359",1978,"Marvin Webster",NA,NA,162,NA,NA
"5159",1978,"Elvin Hayes*",NA,NA,159,NA,NA
"5291",1978,"Dan Roundfield",NA,NA,149,NA,NA
"5346",1978,"Bill Walton*",NA,NA,146,NA,NA
"53831",1979,"Kareem Abdul-Jabbar*",NA,NA,316,NA,NA
"5643",1979,"Tree Rollins",NA,NA,254,NA,NA
"5542",1979,"George Johnson",NA,NA,253,NA,NA
"5616",1979,"Robert Parish*",NA,NA,217,NA,NA
"5693",1979,"Terry Tyler",NA,NA,201,NA,NA
"5516",1979,"Elvin Hayes*",NA,NA,190,NA,NA
"5644",1979,"Dan Roundfield",NA,NA,176,NA,NA
"5553",1979,"Rich Kelley",NA,NA,166,NA,NA
"5549",1979,"Caldwell Jones",NA,NA,157,NA,NA
"54981",1979,"Artis Gilmore*",NA,NA,156,NA,NA
"57281",1980,"Kareem Abdul-Jabbar*",NA,NA,280,NA,NA
"5887",1980,"George Johnson",NA,NA,258,NA,NA
"6012",1980,"Tree Rollins",NA,NA,244,NA,NA
"6049",1980,"Terry Tyler",NA,NA,220,NA,NA
"58651",1980,"Elvin Hayes*",NA,NA,189,NA,NA
"5786",1980,"Harvey Catchings",NA,NA,162,NA,NA
"5896",1980,"Caldwell Jones",NA,NA,162,NA,NA
"5996",1980,"Ben Poquette",NA,NA,162,NA,NA
"5815",1980,"Darryl Dawkins",NA,NA,142,NA,NA
"58322",1980,"Julius Erving*",NA,NA,140,NA,NA
"6242",1981,"George Johnson",NA,NA,278,NA,NA
"60861",1981,"Kareem Abdul-Jabbar*",NA,NA,228,NA,NA
"6344",1981,"Robert Parish*",NA,NA,214,NA,NA
"6196",1981,"Artis Gilmore*",NA,NA,198,NA,NA
"6134",1981,"Harvey Catchings",NA,NA,184,NA,NA
"6409",1981,"Terry Tyler",NA,NA,180,NA,NA
"6354",1981,"Ben Poquette",NA,NA,174,NA,NA
"6216",1981,"Elvin Hayes*",NA,NA,171,NA,NA
"6406",1981,"Mychal Thompson",NA,NA,170,NA,NA
"6313",1981,"Kevin McHale*",NA,NA,151,NA,NA
"6609",1982,"George Johnson",NA,NA,234,NA,NA
"6740",1982,"Tree Rollins",NA,NA,224,NA,NA
"6559",1982,"Artis Gilmore*",NA,NA,220,NA,NA
"64501",1982,"Kareem Abdul-Jabbar*",NA,NA,207,NA,NA
"6711",1982,"Robert Parish*",NA,NA,192,NA,NA
"6683",1982,"Kevin McHale*",NA,NA,185,NA,NA
"6805",1982,"Herb Williams",NA,NA,178,NA,NA
"6779",1982,"Terry Tyler",NA,NA,160,NA,NA
"6625",1982,"Caldwell Jones",NA,NA,146,NA,NA
"65472",1982,"Julius Erving*",NA,NA,141,NA,NA
"7116",1983,"Tree Rollins",NA,NA,343,NA,NA
"6914",1983,"Mark Eaton",NA,NA,275,NA,NA
"7072",1983,"Larry Nance",NA,NA,217,NA,NA
"6939",1983,"Artis Gilmore*",NA,NA,192,NA,NA
"7055",1983,"Kevin McHale*",NA,NA,192,NA,NA
"7035",1983,"Alton Lister",NA,NA,177,NA,NA
"7200",1983,"Herb Williams",NA,NA,171,NA,NA
"6824",1983,"Kareem Abdul-Jabbar*",NA,NA,170,NA,NA
"7174",1983,"Terry Tyler",NA,NA,160,NA,NA
"70461",1983,"Moses Malone*",NA,NA,157,NA,NA
"7289",1984,"Mark Eaton",NA,NA,351,NA,NA
"7467",1984,"Tree Rollins",NA,NA,277,NA,NA
"7474",1984,"Ralph Sampson*",NA,NA,197,NA,NA
"7427",1984,"Larry Nance",NA,NA,174,NA,NA
"7334",1984,"Roy Hinson",NA,NA,145,NA,NA
"7502",1984,"LaSalle Thompson",NA,NA,145,NA,NA
"7431",1984,"Kurt Nimphius",NA,NA,144,NA,NA
"7216",1984,"Kareem Abdul-Jabbar*",NA,NA,143,NA,NA
"7250",1984,"Joe Barry",NA,NA,142,NA,NA
"7390",1984,"Alton Lister",NA,NA,140,NA,NA
"7639",1985,"Mark Eaton",NA,NA,456,NA,NA
"7784",1985,"Hakeem Olajuwon*",NA,NA,220,NA,NA
"7579",1985,"Sam Bowie",NA,NA,203,NA,NA
"7616",1985,"Wayne Cooper",NA,NA,197,NA,NA
"7661",1985,"Artis Gilmore*",NA,NA,173,NA,NA
"7681",1985,"Roy Hinson",NA,NA,173,NA,NA
"7822",1985,"Ralph Sampson*",NA,NA,168,NA,NA
"7737",1985,"Alton Lister",NA,NA,167,NA,NA
"7814",1985,"Tree Rollins",NA,NA,167,NA,NA
"7560",1985,"Kareem Abdul-Jabbar*",NA,NA,162,NA,NA
"7945",1986,"Manute Bol",NA,NA,397,NA,NA
"8013",1986,"Mark Eaton",NA,NA,369,NA,NA
"8166",1986,"Hakeem Olajuwon*",NA,NA,231,NA,NA
"7985",1986,"Wayne Cooper",NA,NA,227,NA,NA
"7939",1986,"Benoit Benjamin",NA,NA,206,NA,NA
"8283",1986,"Herb Williams",NA,NA,184,NA,NA
"8195",1986,"Tree Rollins",NA,NA,167,NA,NA
"7966",1986,"Joe Barry",NA,NA,143,NA,NA
"8115",1986,"Alton Lister",NA,NA,142,NA,NA
"8005",1986,"James Donaldson",NA,NA,139,NA,NA
"8392",1987,"Mark Eaton",NA,NA,321,NA,NA
"8330",1987,"Manute Bol",NA,NA,302,NA,NA
"8541",1987,"Hakeem Olajuwon*",NA,NA,254,NA,NA
"8320",1987,"Benoit Benjamin",NA,NA,187,NA,NA
"8487",1987,"Alton Lister",NA,NA,180,NA,NA
"85121",1987,"Kevin McHale*",NA,NA,172,NA,NA
"8659",1987,"Hot Rod",NA,NA,167,NA,NA
"8469",1987,"Charles Jones",NA,NA,165,NA,NA
"8445",1987,"Roy Hinson",NA,NA,161,NA,NA
"8530",1987,"Larry Nance",NA,NA,148,NA,NA
"8776",1988,"Mark Eaton",NA,NA,304,NA,NA
"8786",1988,"Patrick Ewing*",NA,NA,245,NA,NA
"8703",1988,"Benoit Benjamin",NA,NA,225,NA,NA
"89521",1988,"Hakeem Olajuwon*",NA,NA,214,NA,NA
"8712",1988,"Manute Bol",NA,NA,208,NA,NA
"8938",1988,"Larry Nance",NA,NA,159,NA,NA
"9071",1988,"Mark West",NA,NA,147,NA,NA
"9085",1988,"Herb Williams",NA,NA,146,NA,NA
"9086",1988,"Hot Rod",NA,NA,145,NA,NA
"8835",1988,"Roy Hinson",NA,NA,140,NA,NA
"9144",1989,"Manute Bol",NA,NA,345,NA,NA
"9210",1989,"Mark Eaton",NA,NA,315,NA,NA
"93832",1989,"Hakeem Olajuwon*",NA,NA,282,NA,NA
"9217",1989,"Patrick Ewing*",NA,NA,281,NA,NA
"9134",1989,"Benoit Benjamin",NA,NA,221,NA,NA
"9178",1989,"Wayne Cooper",NA,NA,211,NA,NA
"9368",1989,"Larry Nance",NA,NA,206,NA,NA
"9511",1989,"Mark West",NA,NA,187,NA,NA
"9326",1989,"Alton Lister",NA,NA,180,NA,NA
"9456",1989,"Rik Smits",NA,NA,151,NA,NA
"98412",1990,"Hakeem Olajuwon*",NA,NA,376,NA,NA
"96631",1990,"Patrick Ewing*",NA,NA,327,NA,NA
"98831",1990,"David Robinson*",NA,NA,319,NA,NA
"9579",1990,"Manute Bol",NA,NA,238,NA,NA
"9653",1990,"Mark Eaton",NA,NA,201,NA,NA
"9747",1990,"Charles Jones",NA,NA,197,NA,NA
"9570",1990,"Benoit Benjamin",NA,NA,187,NA,NA
"9975",1990,"Mark West",NA,NA,184,NA,NA
"9921",1990,"Rik Smits",NA,NA,169,NA,NA
"9984",1990,"Hot Rod",NA,NA,167,NA,NA
"103371",1991,"David Robinson*",NA,NA,320,NA,NA
"101331",1991,"Patrick Ewing*",NA,NA,258,NA,NA
"10047",1991,"Manute Bol",NA,NA,247,NA,NA
"10294",1991,"Hakeem Olajuwon*",NA,NA,221,NA,NA
"10286",1991,"Larry Nance",NA,NA,200,NA,NA
"10118",1991,"Mark Eaton",NA,NA,188,NA,NA
"10412",1991,"Mark West",NA,NA,161,NA,NA
"10130",1991,"Pervis Ellison",NA,NA,157,NA,NA
"10114",1991,"Chris Dudley",NA,NA,153,NA,NA
"10073",1991,"Duane Causwell",NA,NA,148,NA,NA
"10799",1992,"David Robinson*",NA,NA,305,NA,NA
"10750",1992,"Hakeem Olajuwon*",NA,NA,304,NA,NA
"105851",1992,"Patrick Ewing*",NA,NA,245,NA,NA
"10743",1992,"Larry Nance",NA,NA,243,NA,NA
"10529",1992,"Duane Causwell",NA,NA,215,NA,NA
"10742",1992,"Dikembe Mutombo*",NA,NA,210,NA,NA
"10495",1992,"Manute Bol",NA,NA,205,NA,NA
"10573",1992,"Mark Eaton",NA,NA,205,NA,NA
"10687",1992,"Andrew Lang",NA,NA,201,NA,NA
"10890",1992,"Hot Rod",NA,NA,182,NA,NA
"111961",1993,"Hakeem Olajuwon*",NA,NA,342,NA,NA
"11180",1993,"Dikembe Mutombo*",NA,NA,287,NA,NA
"111881",1993,"Shaquille O'Neal*",NA,NA,286,NA,NA
"11175",1993,"Alonzo Mourning*",NA,NA,271,NA,NA
"112461",1993,"David Robinson*",NA,NA,264,NA,NA
"11181",1993,"Larry Nance",NA,NA,198,NA,NA
"11245",1993,"Clifford Robinson",NA,NA,163,NA,NA
"110341",1993,"Patrick Ewing*",NA,NA,161,NA,NA
"11006",1993,"Dale Davis",NA,NA,148,NA,NA
"11110",1993,"Shawn Kemp",NA,NA,146,NA,NA
"11678",1994,"Dikembe Mutombo*",NA,NA,336,NA,NA
"116891",1994,"Hakeem Olajuwon*",NA,NA,297,NA,NA
"117321",1994,"David Robinson*",NA,NA,265,NA,NA
"116861",1994,"Shaquille O'Neal*",NA,NA,231,NA,NA
"115001",1994,"Patrick Ewing*",NA,NA,217,NA,NA
"11669",1994,"Alonzo Mourning*",NA,NA,188,NA,NA
"11590",1994,"Shawn Kemp",NA,NA,166,NA,NA
"11797",1994,"Chris Webber",NA,NA,164,NA,NA
"11658",1994,"Oliver Miller",NA,NA,156,NA,NA
"11407",1994,"Shawn Bradley",NA,NA,147,NA,NA
"12131",1995,"Dikembe Mutombo*",NA,NA,321,NA,NA
"11884",1995,"Shawn Bradley",NA,NA,274,NA,NA
"121832",1995,"David Robinson*",NA,NA,262,NA,NA
"121391",1995,"Hakeem Olajuwon*",NA,NA,242,NA,NA
"12123",1995,"Alonzo Mourning*",NA,NA,225,NA,NA
"121371",1995,"Shaquille O'Neal*",NA,NA,192,NA,NA
"11940",1995,"Vlade Divac",NA,NA,174,NA,NA
"119721",1995,"Patrick Ewing*",NA,NA,159,NA,NA
"12141",1995,"Bo Outlaw",NA,NA,151,NA,NA
"12275",1995,"Lorenzo Williams",NA,NA,148,NA,NA
"12626",1996,"Dikembe Mutombo*",NA,NA,332,NA,NA
"12338",1996,"Shawn Bradley",NA,NA,288,NA,NA
"126981",1996,"David Robinson*",NA,NA,271,NA,NA
"12340",1996,"Shawn Bradley",NA,NA,250,NA,NA
"12360",1996,"Elden Campbell",NA,NA,212,NA,NA
"126371",1996,"Hakeem Olajuwon*",NA,NA,207,NA,NA
"12615",1996,"Alonzo Mourning*",NA,NA,189,NA,NA
"124351",1996,"Patrick Ewing*",NA,NA,184,NA,NA
"12623",1996,"Gheorghe Muresan",NA,NA,172,NA,NA
"12595",1996,"Jim McIlvaine",NA,NA,166,NA,NA
"13202",1997,"Dikembe Mutombo*",NA,NA,264,NA,NA
"12886",1997,"Shawn Bradley",NA,NA,248,NA,NA
"13091",1997,"Ervin Johnson",NA,NA,227,NA,NA
"129961",1997,"Patrick Ewing*",NA,NA,189,NA,NA
"13196",1997,"Alonzo Mourning*",NA,NA,189,NA,NA
"12970",1997,"Vlade Divac",NA,NA,180,NA,NA
"132231",1997,"Hakeem Olajuwon*",NA,NA,173,NA,NA
"13170",1997,"Jim McIlvaine",NA,NA,164,NA,NA
"13013",1997,"Kevin Garnett",NA,NA,163,NA,NA
"13283",1997,"Roy Rogers",NA,NA,163,NA,NA
"13735",1998,"Dikembe Mutombo*",NA,NA,277,NA,NA
"13779",1998,"Theo Ratliff",NA,NA,258,NA,NA
"13492",1998,"Marcus Camby",NA,NA,230,NA,NA
"13469",1998,"Shawn Bradley",NA,NA,214,NA,NA
"135521",1998,"Tim Duncan",NA,NA,206,NA,NA
"13781",1998,"Theo Ratliff",NA,NA,203,NA,NA
"13865",1998,"Michael Stewart",NA,NA,195,NA,NA
"13801",1998,"David Robinson*",NA,NA,192,NA,NA
"13753",1998,"Bo Outlaw",NA,NA,181,NA,NA
"13648",1998,"Ervin Johnson",NA,NA,158,NA,NA
"14277",1999,"Alonzo Mourning*",NA,NA,180,NA,NA
"14012",1999,"Shawn Bradley",NA,NA,159,NA,NA
"14334",1999,"Theo Ratliff",NA,NA,149,NA,NA
"14283",1999,"Dikembe Mutombo*",NA,NA,147,NA,NA
"14301",1999,"Greg Ostertag",NA,NA,131,NA,NA
"140971",1999,"Tim Duncan",NA,NA,126,NA,NA
"14295",1999,"Hakeem Olajuwon*",NA,NA,123,NA,NA
"14353",1999,"David Robinson*",NA,NA,119,NA,NA
"142541",1999,"Antonio McDyess",NA,NA,115,NA,NA
"14107",1999,"Patrick Ewing*",NA,NA,100,NA,NA
"14793",2000,"Alonzo Mourning*",NA,NA,294,NA,NA
"14799",2000,"Dikembe Mutombo*",NA,NA,269,NA,NA
"148071",2000,"Shaquille O'Neal*",NA,NA,239,NA,NA
"14526",2000,"Shawn Bradley",NA,NA,190,NA,NA
"14860",2000,"David Robinson*",NA,NA,183,NA,NA
"14732",2000,"Raef LaFrentz",NA,NA,180,NA,NA
"14813",2000,"Greg Ostertag",NA,NA,172,NA,NA
"14845",2000,"Theo Ratliff",NA,NA,171,NA,NA
"14608",2000,"Tim Duncan",NA,NA,165,NA,NA
"14771",2000,"Tracy McGrady",NA,NA,151,NA,NA
"15017",2001,"Shawn Bradley",NA,NA,228,NA,NA
"15330",2001,"Jermaine O'Neal",NA,NA,228,NA,NA
"15232",2001,"Raef LaFrentz",NA,NA,206,NA,NA
"153311",2001,"Shaquille O'Neal*",NA,NA,204,NA,NA
"15315",2001,"Dikembe Mutombo*",NA,NA,203,NA,NA
"15391",2001,"David Robinson*",NA,NA,197,NA,NA
"15104",2001,"Tim Duncan",NA,NA,192,NA,NA
"15379",2001,"Theo Ratliff",NA,NA,187,NA,NA
"15472",2001,"Ben Wallace",NA,NA,186,NA,NA
"15127",2001,"Adonal Foyle",NA,NA,156,NA,NA
"15976",2002,"Ben Wallace",NA,NA,278,NA,NA
"15762",2002,"Raef LaFrentz",NA,NA,213,NA,NA
"156441",2002,"Tim Duncan",NA,NA,203,NA,NA
"15830",2002,"Dikembe Mutombo*",NA,NA,190,NA,NA
"15826",2002,"Alonzo Mourning*",NA,NA,186,NA,NA
"15672",2002,"Pau Gasol",NA,NA,169,NA,NA
"15664",2002,"Adonal Foyle",NA,NA,168,NA,NA
"15620",2002,"Erick Dampier",NA,NA,167,NA,NA
"15841",2002,"Jermaine O'Neal",NA,NA,166,NA,NA
"15565",2002,"Elton Brand",NA,NA,163,NA,NA
"16366",2003,"Theo Ratliff",NA,NA,262,NA,NA
"161301",2003,"Tim Duncan",NA,NA,237,NA,NA
"16448",2003,"Ben Wallace",NA,NA,230,NA,NA
"16148",2003,"Adonal Foyle",NA,NA,205,NA,NA
"16324",2003,"Jermaine O'Neal",NA,NA,178,NA,NA
"16245",2003,"Andrei Kirilenko",NA,NA,175,NA,NA
"16056",2003,"Shawn Bradley",NA,NA,170,NA,NA
"163251",2003,"Shaquille O'Neal*",NA,NA,159,NA,NA
"16057",2003,"Elton Brand",NA,NA,158,NA,NA
"16110",2003,"Erick Dampier",NA,NA,154,NA,NA
"16925",2004,"Theo Ratliff",NA,NA,307,NA,NA
"170211",2004,"Ben Wallace",NA,NA,246,NA,NA
"167751",2004,"Andrei Kirilenko",NA,NA,215,NA,NA
"16738",2004,"Zydrunas Ilgauskas",NA,NA,201,NA,NA
"16874",2004,"Jermaine O'Neal",NA,NA,199,NA,NA
"16615",2004,"Samuel Dalembert",NA,NA,189,NA,NA
"16584",2004,"Marcus Camby",NA,NA,187,NA,NA
"16648",2004,"Tim Duncan",NA,NA,185,NA,NA
"166751",2004,"Kevin Garnett",NA,NA,178,NA,NA
"16875",2004,"Shaquille O'Neal*",NA,NA,166,NA,NA
"17170",2005,"Marcus Camby",NA,NA,199,NA,NA
"17615",2005,"Ben Wallace",NA,NA,176,NA,NA
"17235",2005,"Tim Duncan",NA,NA,174,NA,NA
"17463",2005,"Shaquille O'Neal*",NA,NA,171,NA,NA
"17150",2005,"Elton Brand",NA,NA,169,NA,NA
"17329",2005,"Zydrunas Ilgauskas",NA,NA,165,NA,NA
"17501",2005,"Joel Przybilla",NA,NA,163,NA,NA
"17426",2005,"Yao Ming*",NA,NA,160,NA,NA
"17257",2005,"Adonal Foyle",NA,NA,159,NA,NA
"17506",2005,"Theo Ratliff",NA,NA,158,NA,NA
"17947",2006,"Andrei Kirilenko",NA,NA,220,NA,NA
"18120",2006,"Josh Smith",NA,NA,208,NA,NA
"17735",2006,"Elton Brand",NA,NA,201,NA,NA
"17755",2006,"Marcus Camby",NA,NA,184,NA,NA
"181811",2006,"Ben Wallace",NA,NA,181,NA,NA
"18008",2006,"Alonzo Mourning*",NA,NA,173,NA,NA
"17807",2006,"Tim Duncan",NA,NA,162,NA,NA
"17777",2006,"Samuel Dalembert",NA,NA,160,NA,NA
"17846",2006,"Pau Gasol",NA,NA,153,NA,NA
"17867",2006,"Eddie Griffin",NA,NA,148,NA,NA
"18304",2007,"Marcus Camby",NA,NA,231,NA,NA
"18658",2007,"Josh Smith",NA,NA,207,NA,NA
"18352",2007,"Tim Duncan",NA,NA,190,NA,NA
"18572",2007,"Jermaine O'Neal",NA,NA,182,NA,NA
"18287",2007,"Elton Brand",NA,NA,179,NA,NA
"18555",2007,"Alonzo Mourning*",NA,NA,178,NA,NA
"18576",2007,"Emeka Okafor",NA,NA,172,NA,NA
"18327",2007,"Samuel Dalembert",NA,NA,159,NA,NA
"18434",2007,"Dwight Howard",NA,NA,156,NA,NA
"18703",2007,"Ben Wallace",NA,NA,156,NA,NA
"18832",2008,"Marcus Camby",NA,NA,285,NA,NA
"19228",2008,"Josh Smith",NA,NA,227,NA,NA
"18861",2008,"Samuel Dalembert",NA,NA,192,NA,NA
"18993",2008,"Dwight Howard",NA,NA,176,NA,NA
"192421",2008,"Amar'e Stoudemire",NA,NA,163,NA,NA
"19051",2008,"Chris Kaman",NA,NA,155,NA,NA
"18890",2008,"Tim Duncan",NA,NA,152,NA,NA
"19151",2008,"Emeka Okafor",NA,NA,138,NA,NA
"18800",2008,"Andrew Bogut",NA,NA,135,NA,NA
"18981",2008,"Brendan Haywood",NA,NA,133,NA,NA
"19589",2009,"Dwight Howard",NA,NA,231,NA,NA
"19358",2009,"Chris Andersen",NA,NA,175,NA,NA
"19868",2009,"Ronny Turiaf",NA,NA,168,NA,NA
"19657",2009,"Brook Lopez",NA,NA,151,NA,NA
"19863",2009,"Tyrus Thomas",NA,NA,151,NA,NA
"19705",2009,"Yao Ming*",NA,NA,150,NA,NA
"19756",2009,"Kendrick Perkins",NA,NA,150,NA,NA
"19470",2009,"Samuel Dalembert",NA,NA,146,NA,NA
"19739",2009,"Jermaine O'Neal",NA,NA,136,NA,NA
"19746",2009,"Emeka Okafor",NA,NA,136,NA,NA
"20168",2010,"Dwight Howard",NA,NA,228,NA,NA
"19981",2010,"Andrew Bogut",NA,NA,175,NA,NA
"204101",2010,"Josh Smith",NA,NA,172,NA,NA
"20148",2010,"Brendan Haywood",NA,NA,158,NA,NA
"20044",2010,"Samuel Dalembert",NA,NA,151,NA,NA
"20016",2010,"Marcus Camby",NA,NA,146,NA,NA
"19934",2010,"Chris Andersen",NA,NA,143,NA,NA
"20260",2010,"Brook Lopez",NA,NA,139,NA,NA
"20350",2010,"Kendrick Perkins",NA,NA,132,NA,NA
"20153",2010,"Roy Hibbert",NA,NA,131,NA,NA
"20801",2011,"Serge Ibaka",NA,NA,198,NA,NA
"20891",2011,"JaVale McGee",NA,NA,193,NA,NA
"20796",2011,"Dwight Howard",NA,NA,186,NA,NA
"20579",2011,"Andrew Bogut",NA,NA,168,NA,NA
"20818",2011,"Al Jefferson",NA,NA,153,NA,NA
"210281",2011,"Amar'e Stoudemire",NA,NA,150,NA,NA
"20682",2011,"Tim Duncan",NA,NA,146,NA,NA
"20783",2011,"Roy Hibbert",NA,NA,142,NA,NA
"20843",2011,"DeAndre Jordan",NA,NA,142,NA,NA
"20898",2011,"Darko Milicic",NA,NA,140,NA,NA
"21385",2012,"Serge Ibaka",NA,NA,241,NA,NA
"21428",2012,"DeAndre Jordan",NA,NA,134,NA,NA
"21472",2012,"JaVale McGee",NA,NA,132,NA,NA
"21355",2012,"Roy Hibbert",NA,NA,128,NA,NA
"21310",2012,"Marc Gasol",NA,NA,121,NA,NA
"21204",2012,"Andrew Bynum",NA,NA,116,NA,NA
"21377",2012,"Dwight Howard",NA,NA,116,NA,NA
"21175",2012,"Bismack Biyombo",NA,NA,115,NA,NA
"215781",2012,"Josh Smith",NA,NA,115,NA,NA
"21238",2012,"Samuel Dalembert",NA,NA,111,NA,NA
"21924",2013,"Serge Ibaka",NA,NA,242,NA,NA
"21907",2013,"Roy Hibbert",NA,NA,206,NA,NA
"22133",2013,"Larry Sanders",NA,NA,201,NA,NA
"21920",2013,"Dwight Howard",NA,NA,186,NA,NA
"21826",2013,"Tim Duncan",NA,NA,183,NA,NA
"22026",2013,"JaVale McGee",NA,NA,157,NA,NA
"22001",2013,"Brook Lopez",NA,NA,154,NA,NA
"21735",2013,"Bismack Biyombo",NA,NA,143,NA,NA
"22066",2013,"Joakim Noah",NA,NA,141,NA,NA
"21856",2013,"Marc Gasol",NA,NA,139,NA,NA
"22539",2014,"Serge Ibaka",NA,NA,219,NA,NA
"22573",2014,"DeAndre Jordan",NA,NA,203,NA,NA
"22408",2014,"Anthony Davis",NA,NA,189,NA,NA
"22525",2014,"Roy Hibbert",NA,NA,182,NA,NA
"22437",2014,"Tim Duncan",NA,NA,139,NA,NA
"22606",2014,"Robin Lopez",NA,NA,139,NA,NA
"22435",2014,"Andre Drummond",NA,NA,131,NA,NA
"22536",2014,"Dwight Howard",NA,NA,128,NA,NA
"22327",2014,"Andrew Bogut",NA,NA,121,NA,NA
"22483",2014,"Marcin Gortat",NA,NA,121,NA,NA
"230131",2015,"Anthony Davis",NA,NA,200,NA,NA
"23083",2015,"Rudy Gobert",NA,NA,189,NA,NA
"23181",2015,"DeAndre Jordan",NA,NA,183,NA,NA
"23145",2015,"Serge Ibaka",NA,NA,155,NA,NA
"23037",2015,"Andre Drummond",NA,NA,153,NA,NA
"23039",2015,"Tim Duncan",NA,NA,151,NA,NA
"23075",2015,"Pau Gasol",NA,NA,147,NA,NA
"232941",2015,"Nerlens Noel",NA,NA,142,NA,NA
"23128",2015,"John Henson",NA,NA,135,NA,NA
"23074",2015,"Marc Gasol",NA,NA,131,NA,NA
"24072",2016,"Hassan Whiteside",NA,NA,269,NA,NA
"23810",2016,"DeAndre Jordan",NA,NA,177,NA,NA
"23772",2016,"Serge Ibaka",NA,NA,148,NA,NA
"23690",2016,"Pau Gasol",NA,NA,146,NA,NA
"238931",2016,"Paul Millsap",NA,NA,139,NA,NA
"24041",2016,"Karl-Anthony Towns",NA,NA,138,NA,NA
"23696",2016,"Rudy Gobert",NA,NA,135,NA,NA
"23951",2016,"Kristaps Porzingis",NA,NA,134,NA,NA
"23568",2016,"Bismack Biyombo",NA,NA,133,NA,NA
"23848",2016,"Robin Lopez",NA,NA,129,NA,NA
"39431",1974,"Elvin Hayes*",NA,NA,NA,1463,NA
"3895",1974,"Dave Cowens*",NA,NA,NA,1257,NA
"38532",1974,"Kareem Abdul-Jabbar*",NA,NA,NA,1178,NA
"39892",1974,"Bob McAdoo*",NA,NA,NA,1117,NA
"39712",1974,"Bob Lanier*",NA,NA,NA,1074,NA
"39701",1974,"Sam Lacey",NA,NA,NA,1055,NA
"3935",1974,"Happy Hairston",NA,NA,NA,1040,NA
"3944",1974,"Spencer Haywood*",NA,NA,NA,1007,NA
"40261",1974,"Clifford Ray",NA,NA,NA,977,NA
"39461",1974,"Gar Heard",NA,NA,NA,947,NA
"42562",1975,"Bob McAdoo*",NA,NA,NA,1155,NA
"42391",1975,"Sam Lacey",NA,NA,NA,1149,NA
"4329",1975,"Wes Unseld*",NA,NA,NA,1077,NA
"4308",1975,"Paul Silas",NA,NA,NA,1025,NA
"42093",1975,"Elvin Hayes*",NA,NA,NA,1004,NA
"4163",1975,"Dave Cowens*",NA,NA,NA,958,NA
"4201",1975,"Happy Hairston",NA,NA,NA,946,NA
"4282",1975,"Curtis Perry",NA,NA,NA,940,NA
"42402",1975,"Bob Lanier*",NA,NA,NA,914,NA
"40992",1975,"Kareem Abdul-Jabbar*",NA,NA,NA,912,NA
"43762",1976,"Kareem Abdul-Jabbar*",NA,NA,NA,1383,NA
"4430",1976,"Dave Cowens*",NA,NA,NA,1246,NA
"4616",1976,"Wes Unseld*",NA,NA,NA,1036,NA
"4596",1976,"Paul Silas",NA,NA,NA,1025,NA
"45161",1976,"Sam Lacey",NA,NA,NA,1024,NA
"45362",1976,"George McGinnis",NA,NA,NA,967,NA
"45322",1976,"Bob McAdoo*",NA,NA,NA,965,NA
"46001",1976,"Elmore Smith",NA,NA,NA,893,NA
"4408",1976,"Jim Brewer",NA,NA,NA,891,NA
"44821",1976,"Elvin Hayes*",NA,NA,NA,878,NA
"46512",1977,"Kareem Abdul-Jabbar*",NA,NA,NA,1090,NA
"48471",1977,"Moses Malone*",NA,NA,NA,1072,NA
"48491",1977,"Moses Malone*",NA,NA,NA,1071,NA
"47691",1977,"Artis Gilmore*",NA,NA,NA,1070,NA
"47862",1977,"Elvin Hayes*",NA,NA,NA,1029,NA
"49701",1977,"Bill Walton*",NA,NA,NA,934,NA
"48571",1977,"Bob McAdoo*",NA,NA,NA,926,NA
"4865",1977,"George McGinnis",NA,NA,NA,911,NA
"4846",1977,"Maurice Lucas",NA,NA,NA,899,NA
"4825",1977,"Larry Kenon",NA,NA,NA,879,NA
"5285",1978,"Truck Robinson",NA,NA,NA,1288,NA
"5083",1978,"Dave Cowens*",NA,NA,NA,1078,NA
"51591",1978,"Elvin Hayes*",NA,NA,NA,1075,NA
"51382",1978,"Artis Gilmore*",NA,NA,NA,1071,NA
"53591",1978,"Marvin Webster",NA,NA,NA,1035,NA
"5247",1978,"Swen Nater",NA,NA,NA,1029,NA
"52241",1978,"Bob McAdoo*",NA,NA,NA,1010,NA
"5338",1978,"Wes Unseld*",NA,NA,NA,955,NA
"5219",1978,"Moses Malone*",NA,NA,NA,886,NA
"5184",1978,"Marques Johnson",NA,NA,NA,847,NA
"55811",1979,"Moses Malone*",NA,NA,NA,1444,NA
"54982",1979,"Artis Gilmore*",NA,NA,NA,1043,NA
"55531",1979,"Rich Kelley",NA,NA,NA,1026,NA
"53832",1979,"Kareem Abdul-Jabbar*",NA,NA,NA,1025,NA
"5658",1979,"Jack Sikma",NA,NA,NA,1013,NA
"55161",1979,"Elvin Hayes*",NA,NA,NA,994,NA
"56161",1979,"Robert Parish*",NA,NA,NA,916,NA
"56441",1979,"Dan Roundfield",NA,NA,NA,865,NA
"5590",1979,"George McGinnis",NA,NA,NA,864,NA
"5446",1979,"Jim Chones",NA,NA,NA,842,NA
"5974",1980,"Swen Nater",NA,NA,NA,1216,NA
"59431",1980,"Moses Malone*",NA,NA,NA,1190,NA
"6050",1980,"Wes Unseld*",NA,NA,NA,1094,NA
"58961",1980,"Caldwell Jones",NA,NA,NA,950,NA
"6023",1980,"Jack Sikma",NA,NA,NA,908,NA
"58652",1980,"Elvin Hayes*",NA,NA,NA,896,NA
"57282",1980,"Kareem Abdul-Jabbar*",NA,NA,NA,886,NA
"5749",1980,"Larry Bird*",NA,NA,NA,852,NA
"6057",1980,"Kermit Washington",NA,NA,NA,842,NA
"6013",1980,"Dan Roundfield",NA,NA,NA,837,NA
"62991",1981,"Moses Malone*",NA,NA,NA,1180,NA
"6330",1981,"Swen Nater",NA,NA,NA,1017,NA
"6394",1981,"Larry Smith",NA,NA,NA,994,NA
"61011",1981,"Larry Bird*",NA,NA,NA,895,NA
"6392",1981,"Jack Sikma",NA,NA,NA,852,NA
"6128",1981,"Kenny Carr",NA,NA,NA,835,NA
"61961",1981,"Artis Gilmore*",NA,NA,NA,828,NA
"60862",1981,"Kareem Abdul-Jabbar*",NA,NA,NA,821,NA
"6255",1981,"Caldwell Jones",NA,NA,NA,813,NA
"62161",1981,"Elvin Hayes*",NA,NA,NA,789,NA
"66731",1982,"Moses Malone*",NA,NA,NA,1188,NA
"6752",1982,"Jack Sikma",NA,NA,NA,1038,NA
"6800",1982,"Buck Williams",NA,NA,NA,1005,NA
"6771",1982,"Mychal Thompson",NA,NA,NA,921,NA
"6668",1982,"Maurice Lucas",NA,NA,NA,903,NA
"67111",1982,"Robert Parish*",NA,NA,NA,866,NA
"6468",1982,"Larry Bird*",NA,NA,NA,837,NA
"65591",1982,"Artis Gilmore*",NA,NA,NA,835,NA
"6755",1982,"Larry Smith",NA,NA,NA,813,NA
"6564",1982,"Dave Greenwood",NA,NA,NA,786,NA
"70462",1983,"Moses Malone*",NA,NA,NA,1194,NA
"7197",1983,"Buck Williams",NA,NA,NA,1027,NA
"7026",1983,"Bill Laimbeer",NA,NA,NA,993,NA
"69391",1983,"Artis Gilmore*",NA,NA,NA,984,NA
"7118",1983,"Dan Roundfield",NA,NA,NA,880,NA
"7119",1983,"Jeff Ruland",NA,NA,NA,871,NA
"68451",1983,"Larry Bird*",NA,NA,NA,870,NA
"7013",1983,"Clark Kellogg",NA,NA,NA,860,NA
"7133",1983,"Jack Sikma",NA,NA,NA,858,NA
"7112",1983,"Cliff Robinson",NA,NA,NA,856,NA
"7381",1984,"Bill Laimbeer",NA,NA,NA,1003,NA
"7542",1984,"Buck Williams",NA,NA,NA,1000,NA
"7404",1984,"Moses Malone*",NA,NA,NA,950,NA
"7472",1984,"Jeff Ruland",NA,NA,NA,922,NA
"74741",1984,"Ralph Sampson*",NA,NA,NA,913,NA
"7483",1984,"Jack Sikma",NA,NA,NA,911,NA
"7438",1984,"Robert Parish*",NA,NA,NA,857,NA
"72312",1984,"Larry Bird*",NA,NA,NA,796,NA
"7319",1984,"Dave Greenwood",NA,NA,NA,786,NA
"72721",1984,"Terry Cummings",NA,NA,NA,777,NA
"77481",1985,"Moses Malone*",NA,NA,NA,1031,NA
"7732",1985,"Bill Laimbeer",NA,NA,NA,1013,NA
"7901",1985,"Buck Williams",NA,NA,NA,1005,NA
"77841",1985,"Hakeem Olajuwon*",NA,NA,NA,974,NA
"76391",1985,"Mark Eaton",NA,NA,NA,927,NA
"7838",1985,"Larry Smith",NA,NA,NA,869,NA
"7861",1985,"LaSalle Thompson",NA,NA,NA,854,NA
"78221",1985,"Ralph Sampson*",NA,NA,NA,853,NA
"76611",1985,"Artis Gilmore*",NA,NA,NA,846,NA
"75751",1985,"Larry Bird*",NA,NA,NA,842,NA
"8106",1986,"Bill Laimbeer",NA,NA,NA,1075,NA
"79371",1986,"Charles Barkley*",NA,NA,NA,1026,NA
"8279",1986,"Buck Williams",NA,NA,NA,986,NA
"8200",1986,"Ralph Sampson*",NA,NA,NA,879,NA
"81241",1986,"Moses Malone*",NA,NA,NA,872,NA
"8211",1986,"Larry Smith",NA,NA,NA,856,NA
"79412",1986,"Larry Bird*",NA,NA,NA,805,NA
"80051",1986,"James Donaldson",NA,NA,NA,795,NA
"81661",1986,"Hakeem Olajuwon*",NA,NA,NA,781,NA
"8170",1986,"Robert Parish*",NA,NA,NA,770,NA
"8540",1987,"Charles Oakley",NA,NA,NA,1074,NA
"8656",1987,"Buck Williams",NA,NA,NA,1023,NA
"8317",1987,"Charles Barkley*",NA,NA,NA,994,NA
"8382",1987,"James Donaldson",NA,NA,NA,973,NA
"8481",1987,"Bill Laimbeer",NA,NA,NA,955,NA
"8343",1987,"Michael Cage",NA,NA,NA,922,NA
"8596",1987,"Larry Smith",NA,NA,NA,917,NA
"85411",1987,"Hakeem Olajuwon*",NA,NA,NA,858,NA
"8495",1987,"Karl Malone*",NA,NA,NA,855,NA
"8545",1987,"Robert Parish*",NA,NA,NA,851,NA
"8951",1988,"Charles Oakley",NA,NA,NA,1066,NA
"88951",1988,"Karl Malone*",NA,NA,NA,986,NA
"89522",1988,"Hakeem Olajuwon*",NA,NA,NA,959,NA
"9022",1988,"Roy Tarpley",NA,NA,NA,959,NA
"87001",1988,"Charles Barkley*",NA,NA,NA,951,NA
"8722",1988,"Michael Cage",NA,NA,NA,938,NA
"8896",1988,"Moses Malone*",NA,NA,NA,884,NA
"9033",1988,"Otis Thorpe",NA,NA,NA,837,NA
"9084",1988,"Buck Williams",NA,NA,NA,834,NA
"8881",1988,"Bill Laimbeer",NA,NA,NA,832,NA
"93833",1989,"Hakeem Olajuwon*",NA,NA,NA,1105,NA
"9385",1989,"Robert Parish*",NA,NA,NA,996,NA
"91321",1989,"Charles Barkley*",NA,NA,NA,986,NA
"9341",1989,"Moses Malone*",NA,NA,NA,956,NA
"9382",1989,"Charles Oakley",NA,NA,NA,861,NA
"93401",1989,"Karl Malone*",NA,NA,NA,853,NA
"92101",1989,"Mark Eaton",NA,NA,NA,843,NA
"9481",1989,"Otis Thorpe",NA,NA,NA,787,NA
"9314",1989,"Bill Laimbeer",NA,NA,NA,776,NA
"9420",1989,"Dennis Rodman*",NA,NA,NA,772,NA
"98413",1990,"Hakeem Olajuwon*",NA,NA,NA,1149,NA
"98832",1990,"David Robinson*",NA,NA,NA,983,NA
"97961",1990,"Karl Malone*",NA,NA,NA,911,NA
"95651",1990,"Charles Barkley*",NA,NA,NA,909,NA
"96632",1990,"Patrick Ewing*",NA,NA,NA,893,NA
"9597",1990,"Michael Cage",NA,NA,NA,821,NA
"9797",1990,"Moses Malone*",NA,NA,NA,812,NA
"9982",1990,"Buck Williams",NA,NA,NA,800,NA
"9846",1990,"Robert Parish*",NA,NA,NA,796,NA
"9884",1990,"Dennis Rodman*",NA,NA,NA,792,NA
"103372",1991,"David Robinson*",NA,NA,NA,1063,NA
"10342",1991,"Dennis Rodman*",NA,NA,NA,1026,NA
"102521",1991,"Karl Malone*",NA,NA,NA,967,NA
"10292",1991,"Charles Oakley",NA,NA,NA,920,NA
"101332",1991,"Patrick Ewing*",NA,NA,NA,905,NA
"10299",1991,"Robert Parish*",NA,NA,NA,856,NA
"10391",1991,"Otis Thorpe",NA,NA,NA,846,NA
"10096",1991,"Brad Daugherty",NA,NA,NA,830,NA
"102941",1991,"Hakeem Olajuwon*",NA,NA,NA,770,NA
"10080",1991,"Derrick Coleman",NA,NA,NA,759,NA
"10802",1992,"Dennis Rodman*",NA,NA,NA,1530,NA
"10896",1992,"Kevin Willis",NA,NA,NA,1258,NA
"10458",1992,"Greg Anderson",NA,NA,NA,941,NA
"10821",1992,"Rony Seikaly",NA,NA,NA,934,NA
"105852",1992,"Patrick Ewing*",NA,NA,NA,921,NA
"107051",1992,"Karl Malone*",NA,NA,NA,909,NA
"10664",1992,"Larry Johnson",NA,NA,NA,899,NA
"107421",1992,"Dikembe Mutombo*",NA,NA,NA,870,NA
"10861",1992,"Otis Thorpe",NA,NA,NA,862,NA
"107501",1992,"Hakeem Olajuwon*",NA,NA,NA,845,NA
"11249",1993,"Dennis Rodman*",NA,NA,NA,1132,NA
"111882",1993,"Shaquille O'Neal*",NA,NA,NA,1122,NA
"111801",1993,"Dikembe Mutombo*",NA,NA,NA,1070,NA
"111962",1993,"Hakeem Olajuwon*",NA,NA,NA,1068,NA
"11344",1993,"Kevin Willis",NA,NA,NA,1028,NA
"110342",1993,"Patrick Ewing*",NA,NA,NA,980,NA
"112462",1993,"David Robinson*",NA,NA,NA,956,NA
"109381",1993,"Charles Barkley*",NA,NA,NA,928,NA
"111511",1993,"Karl Malone*",NA,NA,NA,919,NA
"111051",1993,"Larry Johnson",NA,NA,NA,864,NA
"11738",1994,"Dennis Rodman*",NA,NA,NA,1367,NA
"116862",1994,"Shaquille O'Neal*",NA,NA,NA,1072,NA
"116781",1994,"Dikembe Mutombo*",NA,NA,NA,971,NA
"11688",1994,"Charles Oakley",NA,NA,NA,965,NA
"11829",1994,"Kevin Willis",NA,NA,NA,963,NA
"116892",1994,"Hakeem Olajuwon*",NA,NA,NA,955,NA
"116421",1994,"Karl Malone*",NA,NA,NA,940,NA
"115002",1994,"Patrick Ewing*",NA,NA,NA,885,NA
"11445",1994,"Derrick Coleman",NA,NA,NA,870,NA
"11784",1994,"Otis Thorpe",NA,NA,NA,870,NA
"121311",1995,"Dikembe Mutombo*",NA,NA,NA,1029,NA
"121372",1995,"Shaquille O'Neal*",NA,NA,NA,901,NA
"12051",1995,"Shawn Kemp",NA,NA,NA,893,NA
"121833",1995,"David Robinson*",NA,NA,NA,877,NA
"120901",1995,"Karl Malone*",NA,NA,NA,871,NA
"119722",1995,"Patrick Ewing*",NA,NA,NA,867,NA
"11861",1995,"Vin Baker",NA,NA,NA,846,NA
"12048",1995,"Popeye Jones",NA,NA,NA,844,NA
"119401",1995,"Vlade Divac",NA,NA,NA,829,NA
"12186",1995,"Dennis Rodman*",NA,NA,NA,823,NA
"126982",1996,"David Robinson*",NA,NA,NA,1000,NA
"12702",1996,"Dennis Rodman*",NA,NA,NA,952,NA
"12532",1996,"Shawn Kemp",NA,NA,NA,904,NA
"126261",1996,"Dikembe Mutombo*",NA,NA,NA,871,NA
"12319",1996,"Charles Barkley*",NA,NA,NA,821,NA
"123171",1996,"Vin Baker",NA,NA,NA,808,NA
"12781",1996,"Loy Vaught",NA,NA,NA,808,NA
"124352",1996,"Patrick Ewing*",NA,NA,NA,806,NA
"125742",1996,"Karl Malone*",NA,NA,NA,804,NA
"12808",1996,"Jayson Williams",NA,NA,NA,803,NA
"132021",1997,"Dikembe Mutombo*",NA,NA,NA,929,NA
"130911",1997,"Ervin Johnson",NA,NA,NA,913,NA
"13279",1997,"Dennis Rodman*",NA,NA,NA,883,NA
"129962",1997,"Patrick Ewing*",NA,NA,NA,834,NA
"13159",1997,"Anthony Mason",NA,NA,NA,829,NA
"13362",1997,"Loy Vaught",NA,NA,NA,817,NA
"131441",1997,"Karl Malone*",NA,NA,NA,809,NA
"13102",1997,"Shawn Kemp",NA,NA,NA,807,NA
"12867",1997,"Vin Baker",NA,NA,NA,804,NA
"13222",1997,"Charles Oakley",NA,NA,NA,781,NA
"13805",1998,"Dennis Rodman*",NA,NA,NA,1201,NA
"135522",1998,"Tim Duncan",NA,NA,NA,977,NA
"137351",1998,"Dikembe Mutombo*",NA,NA,NA,932,NA
"13942",1998,"Jayson Williams",NA,NA,NA,883,NA
"139091",1998,"Antoine Walker",NA,NA,NA,836,NA
"136901",1998,"Karl Malone*",NA,NA,NA,834,NA
"13697",1998,"Anthony Mason",NA,NA,NA,826,NA
"13442",1998,"Charles Barkley*",NA,NA,NA,794,NA
"13583",1998,"Kevin Garnett",NA,NA,NA,786,NA
"138011",1998,"David Robinson*",NA,NA,NA,775,NA
"142831",1999,"Dikembe Mutombo*",NA,NA,NA,610,NA
"14115",1999,"Danny Fortson",NA,NA,NA,581,NA
"140972",1999,"Tim Duncan",NA,NA,NA,571,NA
"14433",1999,"Chris Webber",NA,NA,NA,545,NA
"142542",1999,"Antonio McDyess",NA,NA,NA,537,NA
"142931",1999,"Shaquille O'Neal*",NA,NA,NA,525,NA
"13986",1999,"Charles Barkley*",NA,NA,NA,516,NA
"142771",1999,"Alonzo Mourning*",NA,NA,NA,507,NA
"14091",1999,"Vlade Divac",NA,NA,NA,501,NA
"143531",1999,"David Robinson*",NA,NA,NA,492,NA
"147991",2000,"Dikembe Mutombo*",NA,NA,NA,1157,NA
"148072",2000,"Shaquille O'Neal*",NA,NA,NA,1078,NA
"146331",2000,"Kevin Garnett",NA,NA,NA,956,NA
"146081",2000,"Tim Duncan",NA,NA,NA,918,NA
"14474",2000,"Shareef Abdur-Rahim",NA,NA,NA,825,NA
"14528",2000,"Elton Brand",NA,NA,NA,810,NA
"14951",2000,"Jerome Williams",NA,NA,NA,789,NA
"149391",2000,"Chris Webber",NA,NA,NA,787,NA
"147541",2000,"Karl Malone*",NA,NA,NA,779,NA
"148601",2000,"David Robinson*",NA,NA,NA,770,NA
"154721",2001,"Ben Wallace",NA,NA,NA,1052,NA
"153151",2001,"Dikembe Mutombo*",NA,NA,NA,1015,NA
"151041",2001,"Tim Duncan",NA,NA,NA,997,NA
"153312",2001,"Shaquille O'Neal*",NA,NA,NA,940,NA
"15135",2001,"Kevin Garnett",NA,NA,NA,921,NA
"15257",2001,"Shawn Marion",NA,NA,NA,848,NA
"15272",2001,"Antonio McDyess",NA,NA,NA,845,NA
"15476",2001,"Clarence Weatherspoon",NA,NA,NA,796,NA
"153301",2001,"Jermaine O'Neal",NA,NA,NA,794,NA
"15081",2001,"Antonio Davis",NA,NA,NA,787,NA
"156442",2002,"Tim Duncan",NA,NA,NA,1042,NA
"159761",2002,"Ben Wallace",NA,NA,NA,1039,NA
"15667",2002,"Kevin Garnett",NA,NA,NA,981,NA
"155651",2002,"Elton Brand",NA,NA,NA,925,NA
"15658",2002,"Danny Fortson",NA,NA,NA,899,NA
"158301",2002,"Dikembe Mutombo*",NA,NA,NA,863,NA
"157861",2002,"Shawn Marion",NA,NA,NA,803,NA
"15575",2002,"P.J. Brown",NA,NA,NA,786,NA
"158411",2002,"Jermaine O'Neal",NA,NA,NA,757,NA
"158401",2002,"Dirk Nowitzki",NA,NA,NA,755,NA
"164481",2003,"Ben Wallace",NA,NA,NA,1126,NA
"161521",2003,"Kevin Garnett",NA,NA,NA,1102,NA
"161302",2003,"Tim Duncan",NA,NA,NA,1043,NA
"16168",2003,"Brian Grant",NA,NA,NA,837,NA
"16309",2003,"Troy Murphy",NA,NA,NA,806,NA
"163241",2003,"Jermaine O'Neal",NA,NA,NA,796,NA
"163231",2003,"Dirk Nowitzki",NA,NA,NA,791,NA
"162721",2003,"Shawn Marion",NA,NA,NA,773,NA
"163252",2003,"Shaquille O'Neal*",NA,NA,NA,742,NA
"16267",2003,"Jamaal Magloire",NA,NA,NA,724,NA
"166752",2004,"Kevin Garnett",NA,NA,NA,1139,NA
"170212",2004,"Ben Wallace",NA,NA,NA,1006,NA
"16616",2004,"Erick Dampier",NA,NA,NA,887,NA
"166481",2004,"Tim Duncan",NA,NA,NA,859,NA
"16546",2004,"Carlos Boozer",NA,NA,NA,857,NA
"16924",2004,"Zach Randolph",NA,NA,NA,851,NA
"16800",2004,"Jamaal Magloire",NA,NA,NA,847,NA
"16806",2004,"Donyell Marshall",NA,NA,NA,808,NA
"168741",2004,"Jermaine O'Neal",NA,NA,NA,778,NA
"16877",2004,"Lamar Odom",NA,NA,NA,776,NA
"17267",2005,"Kevin Garnett",NA,NA,NA,1108,NA
"173991",2005,"Shawn Marion",NA,NA,NA,915,NA
"176151",2005,"Ben Wallace",NA,NA,NA,902,NA
"17588",2005,"Kurt Thomas",NA,NA,NA,831,NA
"17318",2005,"Dwight Howard",NA,NA,NA,823,NA
"17465",2005,"Emeka Okafor",NA,NA,NA,795,NA
"17184",2005,"Tyson Chandler",NA,NA,NA,775,NA
"171501",2005,"Elton Brand",NA,NA,NA,770,NA
"174631",2005,"Shaquille O'Neal*",NA,NA,NA,760,NA
"174611",2005,"Dirk Nowitzki",NA,NA,NA,757,NA
"17894",2006,"Dwight Howard",NA,NA,NA,1022,NA
"17844",2006,"Kevin Garnett",NA,NA,NA,966,NA
"179721",2006,"Shawn Marion",NA,NA,NA,959,NA
"181812",2006,"Ben Wallace",NA,NA,NA,923,NA
"178071",2006,"Tim Duncan",NA,NA,NA,881,NA
"177351",2006,"Elton Brand",NA,NA,NA,790,NA
"17970",2006,"Jamaal Magloire",NA,NA,NA,778,NA
"17921",2006,"Antawn Jamison",NA,NA,NA,765,NA
"17942",2006,"Chris Kaman",NA,NA,NA,750,NA
"18035",2006,"Mehmet Okur",NA,NA,NA,746,NA
"184341",2007,"Dwight Howard",NA,NA,NA,1008,NA
"183811",2007,"Kevin Garnett",NA,NA,NA,975,NA
"18312",2007,"Tyson Chandler",NA,NA,NA,904,NA
"18280",2007,"Carlos Boozer",NA,NA,NA,867,NA
"183521",2007,"Tim Duncan",NA,NA,NA,846,NA
"187031",2007,"Ben Wallace",NA,NA,NA,821,NA
"183041",2007,"Marcus Camby",NA,NA,NA,816,NA
"18670",2007,"Amar'e Stoudemire",NA,NA,NA,786,NA
"185171",2007,"Shawn Marion",NA,NA,NA,785,NA
"18267",2007,"Andris Biedrins",NA,NA,NA,762,NA
"189931",2008,"Dwight Howard",NA,NA,NA,1161,NA
"188321",2008,"Marcus Camby",NA,NA,NA,1037,NA
"18841",2008,"Tyson Chandler",NA,NA,NA,928,NA
"19024",2008,"Al Jefferson",NA,NA,NA,911,NA
"188901",2008,"Tim Duncan",NA,NA,NA,881,NA
"191511",2008,"Emeka Okafor",NA,NA,NA,876,NA
"188611",2008,"Samuel Dalembert",NA,NA,NA,849,NA
"18804",2008,"Carlos Boozer",NA,NA,NA,844,NA
"19150",2008,"Lamar Odom",NA,NA,NA,819,NA
"19022",2008,"Antawn Jamison",NA,NA,NA,806,NA
"195891",2009,"Dwight Howard",NA,NA,NA,1093,NA
"19652",2009,"David Lee",NA,NA,NA,951,NA
"19719",2009,"Troy Murphy",NA,NA,NA,861,NA
"197461",2009,"Emeka Okafor",NA,NA,NA,827,NA
"19505",2009,"Tim Duncan",NA,NA,NA,800,NA
"19533",2009,"Pau Gasol",NA,NA,NA,780,NA
"194101",2009,"Chris Bosh",NA,NA,NA,771,NA
"197051",2009,"Yao Ming*",NA,NA,NA,761,NA
"19659",2009,"Kevin Love",NA,NA,NA,734,NA
"196161",2009,"Antawn Jamison",NA,NA,NA,721,NA
"201681",2010,"Dwight Howard",NA,NA,NA,1082,NA
"203701",2010,"Zach Randolph",NA,NA,NA,950,NA
"20255",2010,"David Lee",NA,NA,NA,949,NA
"19984",2010,"Carlos Boozer",NA,NA,NA,874,NA
"200161",2010,"Marcus Camby",NA,NA,NA,871,NA
"20336",2010,"Lamar Odom",NA,NA,NA,802,NA
"20164",2010,"Al Horford",NA,NA,NA,799,NA
"20070",2010,"Tim Duncan",NA,NA,NA,788,NA
"200441",2010,"Samuel Dalembert",NA,NA,NA,784,NA
"20464",2010,"Gerald Wallace",NA,NA,NA,762,NA
"20873",2011,"Kevin Love",NA,NA,NA,1112,NA
"207961",2011,"Dwight Howard",NA,NA,NA,1098,NA
"207601",2011,"Blake Griffin",NA,NA,NA,989,NA
"20978",2011,"Zach Randolph",NA,NA,NA,914,NA
"20732",2011,"Pau Gasol",NA,NA,NA,836,NA
"208181",2011,"Al Jefferson",NA,NA,NA,794,NA
"20800",2011,"Kris Humphries",NA,NA,NA,771,NA
"205791",2011,"Andrew Bogut",NA,NA,NA,720,NA
"20794",2011,"Al Horford",NA,NA,NA,718,NA
"20865",2011,"David Lee",NA,NA,NA,714,NA
"213771",2012,"Dwight Howard",NA,NA,NA,785,NA
"214541",2012,"Kevin Love",NA,NA,NA,734,NA
"213331",2012,"Blake Griffin",NA,NA,NA,717,NA
"212041",2012,"Andrew Bynum",NA,NA,NA,709,NA
"21232",2012,"DeMarcus Cousins",NA,NA,NA,703,NA
"21384",2012,"Kris Humphries",NA,NA,NA,681,NA
"21311",2012,"Pau Gasol",NA,NA,NA,678,NA
"21325",2012,"Marcin Gortat",NA,NA,NA,659,NA
"21487",2012,"Greg Monroe",NA,NA,NA,637,NA
"215782",2012,"Josh Smith",NA,NA,NA,632,NA
"21706",2013,"Omer Asik",NA,NA,NA,956,NA
"219201",2013,"Dwight Howard",NA,NA,NA,945,NA
"22213",2013,"Nikola Vucevic",NA,NA,NA,917,NA
"21836",2013,"Reggie Evans",NA,NA,NA,888,NA
"21987",2013,"David Lee",NA,NA,NA,886,NA
"22112",2013,"Zach Randolph",NA,NA,NA,854,NA
"21908",2013,"J.J. Hickson",NA,NA,NA,828,NA
"22046",2013,"Greg Monroe",NA,NA,NA,777,NA
"22190",2013,"Tristan Thompson",NA,NA,NA,773,NA
"21744",2013,"Carlos Boozer",NA,NA,NA,771,NA
"225731",2014,"DeAndre Jordan",NA,NA,NA,1114,NA
"224351",2014,"Andre Drummond",NA,NA,NA,1071,NA
"226071",2014,"Kevin Love",NA,NA,NA,963,NA
"22676",2014,"Joakim Noah",NA,NA,NA,900,NA
"225361",2014,"Dwight Howard",NA,NA,NA,866,NA
"22388",2014,"DeMarcus Cousins",NA,NA,NA,831,NA
"22717",2014,"Zach Randolph",NA,NA,NA,795,NA
"22555",2014,"Al Jefferson",NA,NA,NA,792,NA
"224831",2014,"Marcin Gortat",NA,NA,NA,767,NA
"22264",2014,"LaMarcus Aldridge",NA,NA,NA,765,NA
"231811",2015,"DeAndre Jordan",NA,NA,NA,1226,NA
"230371",2015,"Andre Drummond",NA,NA,NA,1104,NA
"230751",2015,"Pau Gasol",NA,NA,NA,919,NA
"22972",2015,"Tyson Chandler",NA,NA,NA,864,NA
"23466",2015,"Nikola Vucevic",NA,NA,NA,810,NA
"230831",2015,"Rudy Gobert",NA,NA,NA,775,NA
"22893",2015,"Omer Asik",NA,NA,NA,748,NA
"22991",2015,"DeMarcus Cousins",NA,NA,NA,747,NA
"23352",2015,"Zach Randolph",NA,NA,NA,747,NA
"23221",2015,"Kevin Love",NA,NA,NA,731,NA
"23650",2016,"Andre Drummond",NA,NA,NA,1198,NA
"238101",2016,"DeAndre Jordan",NA,NA,NA,1059,NA
"240721",2016,"Hassan Whiteside",NA,NA,NA,865,NA
"240411",2016,"Karl-Anthony Towns",NA,NA,NA,858,NA
"23764",2016,"Dwight Howard",NA,NA,NA,835,NA
"23960",2016,"Julius Randle",NA,NA,NA,829,NA
"236901",2016,"Pau Gasol",NA,NA,NA,793,NA
"23706",2016,"Draymond Green",NA,NA,NA,769,NA
"23849",2016,"Kevin Love",NA,NA,NA,762,NA
"23624",2016,"DeMarcus Cousins",NA,NA,NA,747,NA
"3906",1974,"Ernie DiGregorio",NA,NA,NA,NA,663
"40081",1974,"Calvin Murphy*",NA,NA,NA,NA,603
"3868",1974,"Dave Bing*",NA,NA,NA,NA,555
"39171",1974,"Walt Frazier*",NA,NA,NA,NA,551
"40641",1974,"Norm Van",NA,NA,NA,NA,548
"4086",1974,"Lenny Wilkens*",NA,NA,NA,NA,522
"38622",1974,"Rick Barry*",NA,NA,NA,NA,484
"4021",1974,"Kevin Porter",NA,NA,NA,NA,469
"4084",1974,"Jo Jo",NA,NA,NA,NA,448
"3938",1974,"John Havlicek*",NA,NA,NA,NA,447
"42871",1975,"Kevin Porter",NA,NA,NA,NA,650
"4127",1975,"Dave Bing*",NA,NA,NA,NA,610
"41091",1975,"Tiny Archibald*",NA,NA,NA,NA,557
"4316",1975,"Randy Smith",NA,NA,NA,NA,534
"43491",1975,"Slick Watts",NA,NA,NA,NA,499
"41172",1975,"Rick Barry*",NA,NA,NA,NA,492
"42521",1975,"Pete Maravich*",NA,NA,NA,NA,488
"41911",1975,"Walt Frazier*",NA,NA,NA,NA,474
"4359",1975,"Jo Jo",NA,NA,NA,NA,458
"4164",1975,"Billy Cunningham*",NA,NA,NA,NA,442
"46271",1976,"Slick Watts",NA,NA,NA,NA,661
"43821",1976,"Tiny Archibald*",NA,NA,NA,NA,615
"45532",1976,"Calvin Murphy*",NA,NA,NA,NA,596
"4619",1976,"Norm Van",NA,NA,NA,NA,500
"43902",1976,"Rick Barry*",NA,NA,NA,NA,496
"4400",1976,"Dave Bing*",NA,NA,NA,NA,492
"46032",1976,"Randy Smith",NA,NA,NA,NA,484
"4557",1976,"Mike Newlin",NA,NA,NA,NA,457
"4377",1976,"Alvan Adams",NA,NA,NA,NA,450
"4634",1976,"Jo Jo",NA,NA,NA,NA,445
"46961",1977,"Don Buse",NA,NA,NA,NA,685
"4965",1977,"Norm Van",NA,NA,NA,NA,636
"49761",1977,"Slick Watts",NA,NA,NA,NA,630
"4789",1977,"Tom Henderson",NA,NA,NA,NA,598
"4901",1977,"Kevin Porter",NA,NA,NA,NA,592
"4984",1977,"Jo Jo",NA,NA,NA,NA,492
"46691",1977,"Rick Barry*",NA,NA,NA,NA,475
"47571",1977,"Mike Gale",NA,NA,NA,NA,473
"4845",1977,"John Lucas",NA,NA,NA,NA,463
"4983",1977,"Paul Westphal",NA,NA,NA,NA,459
"5271",1978,"Kevin Porter",NA,NA,NA,NA,837
"5273",1978,"Kevin Porter",NA,NA,NA,NA,801
"52171",1978,"John Lucas",NA,NA,NA,NA,768
"53261",1978,"Ricky Sobers",NA,NA,NA,NA,584
"5254",1978,"Norm Nixon",NA,NA,NA,NA,553
"5340",1978,"Norm Van",NA,NA,NA,NA,531
"5038",1978,"Henry Bibby",NA,NA,NA,NA,464
"53222",1978,"Randy Smith",NA,NA,NA,NA,458
"50601",1978,"Quinn Buckner",NA,NA,NA,NA,456
"53411",1978,"Foots Walker",NA,NA,NA,NA,453
"56221",1979,"Kevin Porter",NA,NA,NA,NA,1099
"5579",1979,"John Lucas",NA,NA,NA,NA,762
"56111",1979,"Norm Nixon",NA,NA,NA,NA,737
"54851",1979,"Phil Ford",NA,NA,NA,NA,681
"57101",1979,"Paul Westphal",NA,NA,NA,NA,529
"5722",1979,"Ray Williams",NA,NA,NA,NA,504
"5401",1979,"Rick Barry*",NA,NA,NA,NA,502
"5525",1979,"Armond Hill",NA,NA,NA,NA,480
"54281",1979,"Quinn Buckner",NA,NA,NA,NA,468
"5464",1979,"Johnny Davis",NA,NA,NA,NA,453
"60031",1980,"Micheal Ray",NA,NA,NA,NA,832
"5731",1980,"Tiny Archibald*",NA,NA,NA,NA,671
"5979",1980,"Norm Nixon",NA,NA,NA,NA,642
"5840",1980,"Phil Ford",NA,NA,NA,NA,610
"60531",1980,"Foots Walker",NA,NA,NA,NA,607
"5936",1980,"John Lucas",NA,NA,NA,NA,602
"58901",1980,"Magic Johnson*",NA,NA,NA,NA,563
"59011",1980,"Eddie Jordan",NA,NA,NA,NA,557
"57881",1980,"Maurice Cheeks",NA,NA,NA,NA,556
"6043",1980,"Reggie Theus",NA,NA,NA,NA,515
"6355",1981,"Kevin Porter",NA,NA,NA,NA,734
"63381",1981,"Norm Nixon",NA,NA,NA,NA,696
"63651",1981,"Micheal Ray",NA,NA,NA,NA,627
"6092",1981,"Tiny Archibald*",NA,NA,NA,NA,618
"6185",1981,"Phil Ford",NA,NA,NA,NA,580
"61351",1981,"Maurice Cheeks",NA,NA,NA,NA,560
"6358",1981,"Kelvin Ransey",NA,NA,NA,NA,555
"6155",1981,"Johnny Davis",NA,NA,NA,NA,480
"6292",1981,"John Lucas",NA,NA,NA,NA,464
"6107",1981,"Mike Bratz",NA,NA,NA,NA,452
"66961",1982,"Johnny Moore",NA,NA,NA,NA,762
"66121",1982,"Magic Johnson*",NA,NA,NA,NA,743
"65051",1982,"Maurice Cheeks",NA,NA,NA,NA,667
"6705",1982,"Norm Nixon",NA,NA,NA,NA,652
"65631",1982,"Rickey Green",NA,NA,NA,NA,630
"6598",1982,"Geoff Huston",NA,NA,NA,NA,590
"67301",1982,"Micheal Ray",NA,NA,NA,NA,572
"6769",1982,"Isiah Thomas*",NA,NA,NA,NA,565
"6723",1982,"Kelvin Ransey",NA,NA,NA,NA,555
"6667",1982,"John Lucas",NA,NA,NA,NA,551
"69841",1983,"Magic Johnson*",NA,NA,NA,NA,829
"70681",1983,"Johnny Moore",NA,NA,NA,NA,753
"69431",1983,"Rickey Green",NA,NA,NA,NA,697
"71991",1983,"Gus Williams",NA,NA,NA,NA,643
"71582",1983,"Isiah Thomas*",NA,NA,NA,NA,634
"6909",1983,"Larry Drew",NA,NA,NA,NA,610
"7201",1983,"Ray Williams",NA,NA,NA,NA,569
"7080",1983,"Norm Nixon",NA,NA,NA,NA,566
"6897",1983,"Brad Davis",NA,NA,NA,NA,565
"6981",1983,"Frank Johnson",NA,NA,NA,NA,549
"7432",1984,"Norm Nixon",NA,NA,NA,NA,914
"74991",1984,"Isiah Thomas*",NA,NA,NA,NA,914
"73491",1984,"Magic Johnson*",NA,NA,NA,NA,875
"73171",1984,"Rickey Green",NA,NA,NA,NA,748
"75431",1984,"Gus Williams",NA,NA,NA,NA,675
"7398",1984,"John Lucas",NA,NA,NA,NA,673
"7532",1984,"Ennis Whatley",NA,NA,NA,NA,662
"7347",1984,"Frank Johnson",NA,NA,NA,NA,567
"7426",1984,"Johnny Moore",NA,NA,NA,NA,566
"7276",1984,"Brad Davis",NA,NA,NA,NA,561
"78581",1985,"Isiah Thomas*",NA,NA,NA,NA,1123
"7700",1985,"Magic Johnson*",NA,NA,NA,NA,968
"77711",1985,"Johnny Moore",NA,NA,NA,NA,816
"7781",1985,"Norm Nixon",NA,NA,NA,NA,711
"7567",1985,"John Bagley",NA,NA,NA,NA,697
"78051",1985,"Micheal Ray",NA,NA,NA,NA,669
"7852",1985,"Reggie Theus",NA,NA,NA,NA,656
"77351",1985,"Fat Lever",NA,NA,NA,NA,613
"79021",1985,"Gus Williams",NA,NA,NA,NA,608
"7668",1985,"Rickey Green",NA,NA,NA,NA,597
"8083",1986,"Magic Johnson*",NA,NA,NA,NA,907
"82261",1986,"Isiah Thomas*",NA,NA,NA,NA,830
"8223",1986,"Reggie Theus",NA,NA,NA,NA,788
"79751",1986,"Maurice Cheeks",NA,NA,NA,NA,753
"80241",1986,"Sleepy Floyd",NA,NA,NA,NA,746
"7931",1986,"John Bagley",NA,NA,NA,NA,735
"81821",1986,"Paul Pressey",NA,NA,NA,NA,623
"82191",1986,"John Stockton*",NA,NA,NA,NA,610
"80091",1986,"Clyde Drexler*",NA,NA,NA,NA,600
"81131",1986,"Fat Lever",NA,NA,NA,NA,584
"84601",1987,"Magic Johnson*",NA,NA,NA,NA,977
"8411",1987,"Sleepy Floyd",NA,NA,NA,NA,848
"85671",1987,"Doc Rivers",NA,NA,NA,NA,823
"8610",1987,"Isiah Thomas*",NA,NA,NA,NA,813
"85581",1987,"Terry Porter",NA,NA,NA,NA,715
"8608",1987,"Reggie Theus",NA,NA,NA,NA,692
"86031",1987,"John Stockton*",NA,NA,NA,NA,670
"84851",1987,"Fat Lever",NA,NA,NA,NA,654
"8450",1987,"Jay Humphries",NA,NA,NA,NA,632
"84291",1987,"Derek Harper",NA,NA,NA,NA,609
"90191",1988,"John Stockton*",NA,NA,NA,NA,1128
"88531",1988,"Mark Jackson",NA,NA,NA,NA,868
"8864",1988,"Magic Johnson*",NA,NA,NA,NA,858
"8968",1988,"Terry Porter",NA,NA,NA,NA,831
"8977",1988,"Doc Rivers",NA,NA,NA,NA,747
"89141",1988,"Nate McMillan",NA,NA,NA,NA,702
"9025",1988,"Isiah Thomas*",NA,NA,NA,NA,678
"88841",1988,"Fat Lever",NA,NA,NA,NA,639
"87321",1988,"Maurice Cheeks",NA,NA,NA,NA,635
"88171",1988,"Derek Harper",NA,NA,NA,NA,634
"94621",1989,"John Stockton*",NA,NA,NA,NA,1118
"9283",1989,"Kevin Johnson",NA,NA,NA,NA,991
"9284",1989,"Magic Johnson*",NA,NA,NA,NA,988
"9402",1989,"Terry Porter",NA,NA,NA,NA,770
"9223",1989,"Sleepy Floyd",NA,NA,NA,NA,709
"9354",1989,"Nate McMillan",NA,NA,NA,NA,696
"9473",1989,"Isiah Thomas*",NA,NA,NA,NA,663
"92982",1989,"Michael Jordan*",NA,NA,NA,NA,650
"9408",1989,"Mark Price",NA,NA,NA,NA,631
"9453",1989,"Kenny Smith",NA,NA,NA,NA,621
"99241",1990,"John Stockton*",NA,NA,NA,NA,1134
"9736",1990,"Magic Johnson*",NA,NA,NA,NA,907
"95781",1990,"Muggsy Bogues",NA,NA,NA,NA,867
"9735",1990,"Kevin Johnson",NA,NA,NA,NA,846
"9935",1990,"Isiah Thomas*",NA,NA,NA,NA,765
"9861",1990,"Terry Porter",NA,NA,NA,NA,726
"9701",1990,"Tim Hardaway",NA,NA,NA,NA,689
"9864",1990,"Mark Price",NA,NA,NA,NA,666
"9967",1990,"Darrell Walker",NA,NA,NA,NA,652
"9640",1990,"Sherman Douglas",NA,NA,NA,NA,619
"103781",1991,"John Stockton*",NA,NA,NA,NA,1164
"10209",1991,"Magic Johnson*",NA,NA,NA,NA,989
"101762",1991,"Tim Hardaway",NA,NA,NA,NA,793
"102081",1991,"Kevin Johnson",NA,NA,NA,NA,781
"10331",1991,"Pooh Richardson",NA,NA,NA,NA,734
"10011",1991,"Michael Adams",NA,NA,NA,NA,693
"10046",1991,"Muggsy Bogues",NA,NA,NA,NA,669
"10360",1991,"Scott Skiles",NA,NA,NA,NA,660
"10320",1991,"Terry Porter",NA,NA,NA,NA,649
"10109",1991,"Sherman Douglas",NA,NA,NA,NA,624
"108451",1992,"John Stockton*",NA,NA,NA,NA,1126
"10663",1992,"Kevin Johnson",NA,NA,NA,NA,836
"106272",1992,"Tim Hardaway",NA,NA,NA,NA,807
"104941",1992,"Muggsy Bogues",NA,NA,NA,NA,743
"10654",1992,"Mark Jackson",NA,NA,NA,NA,694
"10790",1992,"Pooh Richardson",NA,NA,NA,NA,685
"108931",1992,"Micheal Williams",NA,NA,NA,NA,647
"10453",1992,"Michael Adams",NA,NA,NA,NA,594
"108621",1992,"Sedale Threatt",NA,NA,NA,NA,593
"107721",1992,"Scottie Pippen*",NA,NA,NA,NA,572
"112961",1993,"John Stockton*",NA,NA,NA,NA,987
"11270",1993,"Scott Skiles",NA,NA,NA,NA,735
"11094",1993,"Mark Jackson",NA,NA,NA,NA,724
"109541",1993,"Muggsy Bogues",NA,NA,NA,NA,711
"11072",1993,"Tim Hardaway",NA,NA,NA,NA,699
"109531",1993,"Mookie Blaylock",NA,NA,NA,NA,671
"11301",1993,"Isiah Thomas*",NA,NA,NA,NA,671
"113401",1993,"Micheal Williams",NA,NA,NA,NA,661
"111771",1993,"Eric Murdock",NA,NA,NA,NA,603
"11224",1993,"Mark Price",NA,NA,NA,NA,602
"117781",1994,"John Stockton*",NA,NA,NA,NA,1031
"113961",1994,"Mookie Blaylock",NA,NA,NA,NA,789
"11370",1994,"Kenny Anderson",NA,NA,NA,NA,784
"11398",1994,"Muggsy Bogues",NA,NA,NA,NA,780
"11779",1994,"Rod Strickland",NA,NA,NA,NA,740
"11479",1994,"Sherman Douglas",NA,NA,NA,NA,683
"11570",1994,"Mark Jackson",NA,NA,NA,NA,678
"11583",1994,"Kevin Johnson",NA,NA,NA,NA,637
"11719",1994,"Mark Price",NA,NA,NA,NA,589
"116711",1994,"Eric Murdock",NA,NA,NA,NA,546
"122281",1995,"John Stockton*",NA,NA,NA,NA,1011
"11851",1995,"Kenny Anderson",NA,NA,NA,NA,680
"11876",1995,"Muggsy Bogues",NA,NA,NA,NA,675
"12041",1995,"Avery Johnson",NA,NA,NA,NA,670
"12249",1995,"Nick Van",NA,NA,NA,NA,660
"12174",1995,"Pooh Richardson",NA,NA,NA,NA,632
"118631",1995,"Dana Barros",NA,NA,NA,NA,619
"118741",1995,"Mookie Blaylock",NA,NA,NA,NA,616
"12039",1995,"Mark Jackson",NA,NA,NA,NA,616
"120551",1995,"Jason Kidd",NA,NA,NA,NA,607
"127571",1996,"John Stockton*",NA,NA,NA,NA,916
"12519",1996,"Avery Johnson",NA,NA,NA,NA,789
"125371",1996,"Jason Kidd",NA,NA,NA,NA,783
"12758",1996,"Damon Stoudamire",NA,NA,NA,NA,653
"12488",1996,"Tim Hardaway",NA,NA,NA,NA,640
"12759",1996,"Rod Strickland",NA,NA,NA,NA,640
"12517",1996,"Mark Jackson",NA,NA,NA,NA,635
"126471",1996,"Gary Payton*",NA,NA,NA,NA,608
"124872",1996,"Anfernee Hardaway",NA,NA,NA,NA,582
"12303",1996,"Kenny Anderson",NA,NA,NA,NA,575
"13082",1997,"Mark Jackson",NA,NA,NA,NA,935
"133381",1997,"John Stockton*",NA,NA,NA,NA,860
"13342",1997,"Rod Strickland",NA,NA,NA,NA,727
"13339",1997,"Damon Stoudamire",NA,NA,NA,NA,709
"13051",1997,"Tim Hardaway",NA,NA,NA,NA,695
"13360",1997,"Nick Van",NA,NA,NA,NA,672
"13092",1997,"Kevin Johnson",NA,NA,NA,NA,653
"13083",1997,"Mark Jackson",NA,NA,NA,NA,641
"128511",1997,"Kenny Anderson",NA,NA,NA,NA,584
"13063",1997,"Grant Hill",NA,NA,NA,NA,583
"13874",1998,"Rod Strickland",NA,NA,NA,NA,801
"136641",1998,"Jason Kidd",NA,NA,NA,NA,745
"13643",1998,"Mark Jackson",NA,NA,NA,NA,713
"13693",1998,"Stephon Marbury",NA,NA,NA,NA,704
"137591",1998,"Gary Payton*",NA,NA,NA,NA,679
"13610",1998,"Tim Hardaway",NA,NA,NA,NA,672
"136671",1998,"Brevin Knight",NA,NA,NA,NA,656
"13496",1998,"Sam Cassell",NA,NA,NA,NA,603
"13646",1998,"Avery Johnson",NA,NA,NA,NA,591
"13869",1998,"Damon Stoudamire",NA,NA,NA,NA,580
"142071",1999,"Jason Kidd",NA,NA,NA,NA,539
"142401",1999,"Stephon Marbury",NA,NA,NA,NA,437
"143132",1999,"Gary Payton*",NA,NA,NA,NA,436
"14403",1999,"Rod Strickland",NA,NA,NA,NA,434
"14182",1999,"Mark Jackson",NA,NA,NA,NA,386
"14398",1999,"John Stockton*",NA,NA,NA,NA,374
"14188",1999,"Avery Johnson",NA,NA,NA,NA,369
"14417",1999,"Nick Van",NA,NA,NA,NA,368
"14145",1999,"Tim Hardaway",NA,NA,NA,NA,352
"139771",1999,"Darrell Armstrong",NA,NA,NA,NA,335
"148262",2000,"Gary Payton*",NA,NA,NA,NA,732
"14555",2000,"Sam Cassell",NA,NA,NA,NA,729
"14926",2000,"Nick Van",NA,NA,NA,NA,714
"148961",2000,"John Stockton*",NA,NA,NA,NA,703
"14722",2000,"Jason Kidd",NA,NA,NA,NA,678
"14507",2000,"Mike Bibby",NA,NA,NA,NA,665
"14691",2000,"Mark Jackson",NA,NA,NA,NA,650
"14529",2000,"Terrell Brandon",NA,NA,NA,NA,629
"148841",2000,"Eric Snow",NA,NA,NA,NA,624
"14757",2000,"Stephon Marbury",NA,NA,NA,NA,622
"152201",2001,"Jason Kidd",NA,NA,NA,NA,753
"15432",2001,"John Stockton*",NA,NA,NA,NA,713
"15000",2001,"Mike Bibby",NA,NA,NA,NA,685
"15194",2001,"Mark Jackson",NA,NA,NA,NA,661
"15288",2001,"Andre Miller",NA,NA,NA,NA,657
"15355",2001,"Gary Payton*",NA,NA,NA,NA,642
"15462",2001,"Nick Van",NA,NA,NA,NA,600
"150821",2001,"Baron Davis",NA,NA,NA,NA,598
"150191",2001,"Terrell Brandon",NA,NA,NA,NA,583
"15043",2001,"Sam Cassell",NA,NA,NA,NA,580
"15811",2002,"Andre Miller",NA,NA,NA,NA,882
"157551",2002,"Jason Kidd",NA,NA,NA,NA,808
"158651",2002,"Gary Payton*",NA,NA,NA,NA,737
"156231",2002,"Baron Davis",NA,NA,NA,NA,698
"159451",2002,"John Stockton*",NA,NA,NA,NA,674
"15785",2002,"Stephon Marbury",NA,NA,NA,NA,666
"15960",2002,"Jamaal Tinsley",NA,NA,NA,NA,647
"15834",2002,"Steve Nash",NA,NA,NA,NA,634
"15730",2002,"Mark Jackson",NA,NA,NA,NA,605
"15992",2002,"Jason Williams",NA,NA,NA,NA,519
"162441",2003,"Jason Kidd",NA,NA,NA,NA,711
"16346",2003,"Gary Payton*",NA,NA,NA,NA,663
"16271",2003,"Stephon Marbury",NA,NA,NA,NA,654
"16472",2003,"Jason Williams",NA,NA,NA,NA,631
"164131",2003,"John Stockton*",NA,NA,NA,NA,629
"16425",2003,"Jason Terry",NA,NA,NA,NA,600
"16319",2003,"Steve Nash",NA,NA,NA,NA,598
"16432",2003,"Jamaal Tinsley",NA,NA,NA,NA,548
"16407",2003,"Eric Snow",NA,NA,NA,NA,544
"16294",2003,"Andre Miller",NA,NA,NA,NA,537
"168021",2004,"Stephon Marbury",NA,NA,NA,NA,719
"16867",2004,"Steve Nash",NA,NA,NA,NA,687
"16774",2004,"Jason Kidd",NA,NA,NA,NA,618
"16595",2004,"Sam Cassell",NA,NA,NA,NA,592
"16964",2004,"Eric Snow",NA,NA,NA,NA,563
"16725",2004,"Kirk Hinrich",NA,NA,NA,NA,517
"166221",2004,"Baron Davis",NA,NA,NA,NA,501
"168381",2004,"Andre Miller",NA,NA,NA,NA,501
"16976",2004,"Damon Stoudamire",NA,NA,NA,NA,500
"166701",2004,"Steve Francis",NA,NA,NA,NA,493
"17453",2005,"Steve Nash",NA,NA,NA,NA,861
"17398",2005,"Stephon Marbury",NA,NA,NA,NA,668
"173312",2005,"Allen Iverson*",NA,NA,NA,NA,596
"173761",2005,"Brevin Knight",NA,NA,NA,NA,591
"173452",2005,"LeBron James",NA,NA,NA,NA,577
"17421",2005,"Andre Miller",NA,NA,NA,NA,569
"17259",2005,"Steve Francis",NA,NA,NA,NA,547
"17372",2005,"Jason Kidd",NA,NA,NA,NA,545
"171271",2005,"Mike Bibby",NA,NA,NA,NA,541
"176091",2005,"Dwyane Wade",NA,NA,NA,NA,520
"18021",2006,"Steve Nash",NA,NA,NA,NA,826
"17717",2006,"Chauncey Billups",NA,NA,NA,NA,699
"17997",2006,"Andre Miller",NA,NA,NA,NA,674
"179461",2006,"Jason Kidd",NA,NA,NA,NA,672
"180531",2006,"Chris Paul",NA,NA,NA,NA,611
"179491",2006,"Brevin Knight",NA,NA,NA,NA,610
"18087",2006,"Luke Ridnour",NA,NA,NA,NA,550
"17931",2006,"Joe Johnson",NA,NA,NA,NA,536
"179052",2006,"Allen Iverson*",NA,NA,NA,NA,532
"179191",2006,"LeBron James",NA,NA,NA,NA,521
"18563",2007,"Steve Nash",NA,NA,NA,NA,884
"18723",2007,"Deron Williams",NA,NA,NA,NA,745
"18495",2007,"Jason Kidd",NA,NA,NA,NA,736
"18543",2007,"Andre Miller",NA,NA,NA,NA,625
"18370",2007,"T.J. Ford",NA,NA,NA,NA,595
"18591",2007,"Chris Paul",NA,NA,NA,NA,569
"18367",2007,"Raymond Felton",NA,NA,NA,NA,545
"183311",2007,"Baron Davis",NA,NA,NA,NA,509
"18268",2007,"Chauncey Billups",NA,NA,NA,NA,502
"18426",2007,"Kirk Hinrich",NA,NA,NA,NA,500
"191651",2008,"Chris Paul",NA,NA,NA,NA,925
"19129",2008,"Steve Nash",NA,NA,NA,NA,898
"19309",2008,"Deron Williams",NA,NA,NA,NA,862
"190551",2008,"Jason Kidd",NA,NA,NA,NA,806
"18831",2008,"Jose Calderon",NA,NA,NA,NA,678
"188662",2008,"Baron Davis",NA,NA,NA,NA,623
"190082",2008,"Allen Iverson*",NA,NA,NA,NA,586
"18909",2008,"Raymond Felton",NA,NA,NA,NA,583
"19109",2008,"Andre Miller",NA,NA,NA,NA,565
"190182",2008,"LeBron James",NA,NA,NA,NA,539
"197532",2009,"Chris Paul",NA,NA,NA,NA,861
"19901",2009,"Deron Williams",NA,NA,NA,NA,725
"19723",2009,"Steve Nash",NA,NA,NA,NA,717
"196401",2009,"Jason Kidd",NA,NA,NA,NA,702
"197931",2009,"Rajon Rondo",NA,NA,NA,NA,659
"19435",2009,"Jose Calderon",NA,NA,NA,NA,607
"198782",2009,"Dwyane Wade",NA,NA,NA,NA,589
"196122",2009,"LeBron James",NA,NA,NA,NA,587
"19504",2009,"Chris Duhon",NA,NA,NA,NA,566
"195151",2009,"Raymond Felton",NA,NA,NA,NA,553
"20324",2010,"Steve Nash",NA,NA,NA,NA,892
"20483",2010,"Deron Williams",NA,NA,NA,NA,798
"203861",2010,"Rajon Rondo",NA,NA,NA,NA,794
"202371",2010,"Jason Kidd",NA,NA,NA,NA,724
"20478",2010,"Russell Westbrook",NA,NA,NA,NA,652
"202081",2010,"LeBron James",NA,NA,NA,NA,651
"200471",2010,"Baron Davis",NA,NA,NA,NA,598
"204592",2010,"Dwyane Wade",NA,NA,NA,NA,501
"20347",2010,"Chris Paul",NA,NA,NA,NA,480
"200431",2010,"Stephen Curry",NA,NA,NA,NA,472
"20922",2011,"Steve Nash",NA,NA,NA,NA,855
"209451",2011,"Chris Paul",NA,NA,NA,NA,782
"209911",2011,"Rajon Rondo",NA,NA,NA,NA,760
"210901",2011,"Russell Westbrook",NA,NA,NA,NA,670
"21097",2011,"Deron Williams",NA,NA,NA,NA,667
"208461",2011,"Jason Kidd",NA,NA,NA,NA,655
"207061",2011,"Raymond Felton",NA,NA,NA,NA,625
"209921",2011,"Derrick Rose",NA,NA,NA,NA,623
"20609",2011,"Jose Calderon",NA,NA,NA,NA,605
"21074",2011,"John Wall",NA,NA,NA,NA,574
"21500",2012,"Steve Nash",NA,NA,NA,NA,664
"21544",2012,"Rajon Rondo",NA,NA,NA,NA,620
"215211",2012,"Chris Paul",NA,NA,NA,NA,543
"21632",2012,"John Wall",NA,NA,NA,NA,530
"21652",2012,"Deron Williams",NA,NA,NA,NA,481
"21206",2012,"Jose Calderon",NA,NA,NA,NA,468
"21518",2012,"Tony Parker",NA,NA,NA,NA,463
"21481",2012,"Andre Miller",NA,NA,NA,NA,441
"212271",2012,"Mike Conley",NA,NA,NA,NA,404
"21441",2012,"Ty Lawson",NA,NA,NA,NA,401
"22210",2013,"Greivis Vasquez",NA,NA,NA,NA,704
"220891",2013,"Chris Paul",NA,NA,NA,NA,678
"21915",2013,"Jrue Holiday",NA,NA,NA,NA,625
"222312",2013,"Russell Westbrook",NA,NA,NA,NA,607
"22236",2013,"Deron Williams",NA,NA,NA,NA,604
"22172",2013,"Jeff Teague",NA,NA,NA,NA,579
"21822",2013,"Goran Dragic",NA,NA,NA,NA,569
"219341",2013,"LeBron James",NA,NA,NA,NA,551
"217991",2013,"Stephen Curry",NA,NA,NA,NA,539
"219961",2013,"Damian Lillard",NA,NA,NA,NA,531
"228331",2014,"John Wall",NA,NA,NA,NA,721
"227311",2014,"Ricky Rubio",NA,NA,NA,NA,704
"224031",2014,"Stephen Curry",NA,NA,NA,NA,666
"226991",2014,"Chris Paul",NA,NA,NA,NA,663
"22558",2014,"Brandon Jennings",NA,NA,NA,NA,609
"22608",2014,"Kyle Lowry",NA,NA,NA,NA,586
"22590",2014,"Ty Lawson",NA,NA,NA,NA,543
"22780",2014,"Jeff Teague",NA,NA,NA,NA,528
"225491",2014,"LeBron James",NA,NA,NA,NA,488
"22613",2014,"Kendall Marshall",NA,NA,NA,NA,477
"233132",2015,"Chris Paul",NA,NA,NA,NA,838
"234731",2015,"John Wall",NA,NA,NA,NA,792
"23205",2015,"Ty Lawson",NA,NA,NA,NA,720
"230012",2015,"Stephen Curry",NA,NA,NA,NA,619
"234812",2015,"Russell Westbrook",NA,NA,NA,NA,574
"231152",2015,"James Harden",NA,NA,NA,NA,565
"23371",2015,"Rajon Rondo",NA,NA,NA,NA,538
"233171",2015,"Elfrid Payton",NA,NA,NA,NA,533
"23051",2015,"Tyreke Evans",NA,NA,NA,NA,521
"23432",2015,"Jeff Teague",NA,NA,NA,NA,513
"23973",2016,"Rajon Rondo",NA,NA,NA,NA,839
"240712",2016,"Russell Westbrook",NA,NA,NA,NA,834
"240611",2016,"John Wall",NA,NA,NA,NA,789
"239391",2016,"Chris Paul",NA,NA,NA,NA,738
"239771",2016,"Ricky Rubio",NA,NA,NA,NA,658
"237231",2016,"James Harden",NA,NA,NA,NA,612
"237061",2016,"Draymond Green",NA,NA,NA,NA,598
"236342",2016,"Stephen Curry",NA,NA,NA,NA,527
"237821",2016,"LeBron James",NA,NA,NA,NA,514
"238431",2016,"Damian Lillard",NA,NA,NA,NA,512
